id,domain,difficulty,question,answer
1,DATA_ANALYSIS,Easy,What is R2? What are some other metrics that could be better than R2 and why?,goodness of fit measure. variance explained by the regression / total variance. the more predictors you add the higher R^2 becomes. hence use adjusted R^2 which adjusts for the degrees of freedom or train error metrics.
2,DATA_ANALYSIS,Medium,What is the curse of dimensionality?,"High dimensionality makes clustering hard, because having lots of dimensions means that everything is ""far away"" from each other. For example, to cover a fraction of the volume of the data we need to capture a very wide range for each variable as the number of variables increases All samples are close to the edge of the sample. And this is a bad news because prediction is much more difficult near the edges of the training sample. The sampling density decreases exponentially as p increases and hence the data becomes much more sparse without significantly more data. We should conduct PCA to reduce dimensionality."
3,DATA_ANALYSIS,Easy,Is more data always better?,"- Statistically, It depends on the quality of your data, for example, if your data is biased, just getting more data won’t help. It depends on your model. If your model suffers from high bias, getting more data won’t improve your test results beyond a point. You’d need to add more features, etc. - Practically, Also there’s a tradeoff between having more data and the additional storage, computational power, memory it requires. Hence, always think about the cost of having more data."
4,DATA_ANALYSIS,Easy,What are advantages of plotting your data before per- forming analysis?,"Data sets have errors. You won't find them all but you might find some. That 212 year old man. That 9 foot tall woman. Variables can have skewness, outliers etc. Then the arithmetic mean might not be useful. Which means the standard deviation isn't useful. Variables can be multimodal! If a variable is multimodal then anything based on its mean or median is going to be suspect."
5,DATA_ANALYSIS,Medium,How can you make sure that you don’t analyze something that ends up meaningless?,"Proper exploratory data analysis. In every data analysis task, there's the exploratory phase where you're just graphing things, testing things on small sets of the data, summarizing simple statistics, and getting rough ideas of what hypotheses you might want to pursue further. Then there's the exploitatory phase, where you look deeply into a set of hypotheses. The exploratory phase will generate lots of possible hypotheses, and the exploitatory phase will let you really understand a few of them. Balance the two and you'll prevent yourself from wasting time on many things that end up meaningless, although not all."
6,DATA_ANALYSIS,Medium,What is the role of trial and error in data analysis? What is the the role of making a hypothesis before diving in?,"data analysis is a repetition of setting up a new hypothesis and trying to refute the null hypothesis. The scientific method is eminently inductive: we elaborate a hypothesis, test it and refute it or not. As a result, we come up with new hypotheses which are in turn tested and so on. This is an iterative process, as science always is."
7,DATA_ANALYSIS,Medium,How can you determine which features are the most important in your model?,run the features though a Gradient Boosting Machine or Random Forest to generate plots of relative importance and information gain for each feature in the ensembles. Look at the variables added in forward variable selection
8,DATA_ANALYSIS,Medium,How do you deal with some of your predictors being missing?,"Remove rows with missing values - This works well if 1) the values are missing randomly 2) if you don't lose too much of the dataset after doing so. Build another predictive model to predict the missing values - This could be a whole project in itself, so simple techniques are usually used here. Use a model that can incorporate missing data \- Like a random forest, or any tree-based method."
9,DATA_ANALYSIS,Hard,"You have several variables that are positively correlated with your response, and you think combining all of the variables could give you a good prediction of your response. However, you see that in the multiple linear regression, one of the weights on the predictors is negative. What could be the issue?","Multicollinearity refers to a situation in which two or more explanatory variables in a model are highly linearly related. Leave the model as is, despite multicollinearity. The presence of multicollinearity doesn't affect the efficiency of extrapolating the fitted model to new data provided that the predictor variables follow the same pattern of multicollinearity in the new data as in the data on which the regression model is based. principal component regression"
10,DATA_ANALYSIS,Easy,Let’s say you’re given an unfeasible amount of predictors in a predictive modeling task. What are some ways to make the prediction more feasible?,- PCA
11,DATA_ANALYSIS,Medium,"Now you have a feasible amount of predictors, but you’re fairly sure that you don’t need all of them. How would you perform feature selection on the dataset?","ridge / lasso / elastic net regression Univariate Feature Selection where a statistical test is applied to each feature individually. You retain only the best features according to the test outcome scores ""Recursive Feature Elimination"": First, train a model with all the feature and evaluate its performance on held out data. Then drop let say the 10% weakest features (e.g. the feature with least absolute coefficients in a linear model) and retrain on the remaining features. Iterate until you observe a sharp drop in the predictive accuracy of the model."
12,DATA_ANALYSIS,Hard,Your linear regression didn’t run and communicates that there are an infinite number of best estimates for the regression coefficients. What could be wrong?,p > n. If some of the explanatory variables are perfectly correlated (positively or negatively) then the coefficients would not be unique.
13,DATA_ANALYSIS,Hard,"You run your regression on different subsets of your data, and find that in each subset, the beta value for a certain variable varies wildly. What could be the issue here?","- The dataset might be heterogeneous. In which case, it is recommended to cluster datasets into different subsets wisely, and then draw different models for different subsets. Or, use models like non parametric models (trees) which can deal with heterogeneity quite nicely."
14,DATA_ANALYSIS,Hard,"What is the main idea behind ensemble learning? If I had many different models that predicted the same response variable, what might I want to do to incorporate all of the models? Would you expect this to perform better than an individual model or worse?","The assumption is that a group of weak learners can be combined to form a strong learner. Hence the combined model is expected to perform better than an individual model. Assumptions: average out biases reduce variance Bagging works because some underlying learning algorithms are unstable: slightly different inputs leads to very different outputs. If you can take advantage of this instability by running multiple instances, it can be shown that the reduced instability leads to lower error. Boosting works because of the focus on better defining the ""decision edge"". By reweighting examples near the margin (the positive and negative examples) you get a reduced error. Use the outputs of your models as inputs to a meta-model. For example, if you're doing binary classification, you can use all the probability outputs of your individual models as inputs to a final logistic regression (or any model, really) that can combine the probability estimates. One very important point is to make sure that the output of your models are out-of-sample predictions. This means that the predicted value for any row in your dataframe should NOT depend on the actual value for that row."
15,DATA_ANALYSIS,Medium,"Given that you have wi data in your o ce, how would you determine which rooms and areas are underutilized and overutilized?","If the data is more used in one room, then that one is over utilized! Maybe account for the room capacity and normalize the data."
16,DATA_ANALYSIS,Medium,How could you use GPS data from a car to determine the quality of a driver?,"Analyze driving behavior such as speeding, harsh braking, sudden acceleration, and route efficiency. A driver who drives smoothly, safely, and consistently would receive a higher driver quality score."
17,DATA_ANALYSIS,Hard,"Given accelerometer, altitude, and fuel usage data from a car, how would you determine the optimum acceleration pattern to drive over hills?","- Model the relationship between acceleration, slope, and fuel consumption. The optimum pattern is the one that minimizes fuel usage while maintaining acceptable speed and travel time."
18,DATA_ANALYSIS,Hard,"Given position data of NBA players in a season’s games, how would you evaluate a basketball player’s defensive ability?","- Measure how effectively a player reduces opponents' scoring opportunities through positioning, shot contesting, and defensive coverage. Lower opponent scoring indicates stronger defense."
19,DATA_ANALYSIS,Medium,How would quantify the influence of a Twitter user?,like page rank with each user corresponding to the webpages and linking to the page equivalent to following.
20,DATA_ANALYSIS,Hard,"Given location data of golf balls in games, how would construct a model that can advise golfers where to aim?",- Use historical shot data to predict landing locations and recommend the target that minimizes expected strokes while avoiding hazards such as bunkers and water.
21,DATA_ANALYSIS,Medium,You have 5000 people that rank 10 sushis in terms of saltiness. How would you aggregate this data to estimate the true saltiness rank in each sushi?,"Some people would take the mean rank of each sushi. If I wanted something simple, I would use the median, since ranks are (strictly speaking) ordinal and not interval, so adding them is a bit risque (but people do it all the time and you probably won't be far wrong)."
22,DATA_ANALYSIS,Hard,"Given data on congressional bills and which congressional representatives co-sponsored the bills, how would you determine which other representatives are most similar to yours in voting behavior? How would you evaluate who is the most liberal? Most republican? Most bipartisan?","collaborative filtering. you have your votes and we can calculate the similarity for each representatives and select the most similar representative for liberal and republican parties, find the mean vector and find the representative closest to the center point."
23,DATA_ANALYSIS,Medium,How would you come up with an algorithm to detect plagiarism in online content?,"Reduce the text to a more compact form (e.g. fingerprinting, bag of words) then compare those with other texts by calculating the similarity."
24,DATA_ANALYSIS,Medium,You have data on all purchases of customers at a grocery store. Describe to me how you would program an algorithm that would cluster the customers into groups. How would you determine the appropriate number of clusters to include?,- KMeans - choose a small value of k that still has a low SSE (elbow method)
25,DATA_ANALYSIS,Hard,Let's say you're building the recommended music engine at Spotify to recommend people music based on past listening history. How would you approach this problem?,- Use a hybrid recommendation system combining collaborative filtering (similar users) and content-based filtering (similar songs). Then rank recommendations based on the probability that the user will enjoy the song.
26,DL,Easy,What is deep learning?,"Deep learning is a part of machine learning with an algorithm inspired by the structure and function of the brain, which is called an artificial neural network. In the mid-1960s, Alexey Grigorevich Ivakhnenko published the first general, while working on deep learning network. Deep learning is suited over a range of fields such as computer vision, speech recognition, natural language processing, etc."
27,DL,Medium,"What are the main differences between AI, Machine Learning, and Deep Learning?","AI stands for Artificial Intelligence. It is a technique which enables machines to mimic human behavior. Machine Learning is a subset of AI which uses statistical methods to enable machines to improve with experiences. Deep learning is a part of Machine learning, which makes the computation of multi-layer neural networks feasible. It takes advantage of neural networks to simulate human-like decision making. 3) Differentiate supervised and unsupervised deep learning procedures. Supervised learning is a system in which both input and desired output data are provided. Input and output data are labeled to provide a learning basis for future data processing. Unsupervised procedure does not need labeling information explicitly, and the operations can be carried out without the same. The common unsupervised learning method is cluster analysis. It is used for exploratory data analysis to find hidden patterns or grouping in data."
28,DL,Easy,What are the applications of deep learning?,There are various applications of deep learning: Computer vision Natural language processing and pattern recognition Image recognition and processing Machine translation Sentiment analysis Question Answering system Object Classification and Detection Automatic Handwriting Generation Automatic Text Generation.
29,DL,Easy,Do you think that deep network is better than a shallow one?,"Both shallow and deep networks are good enough and capable of approximating any function. But for the same level of accuracy, deeper networks can be much more efficient in terms of computation and number of parameters. Deeper networks can create deep representations. At every layer, the network learns a new, more abstract representation of the input."
30,DL,Easy,"What do you mean by ""overfitting""?",Overfitting is the most common issue which occurs in deep learning. It usually occurs when a deep learning algorithm apprehends the sound of specific data. It also appears when the particular algorithm is well suitable for the data and shows up when the algorithm or model represents high variance and low bias.
31,DL,Medium,What is Backpropagation?,Backpropagation is a training algorithm which is used for multilayer neural networks. It transfers the error information from the end of the network to all the weights inside the network. It allows the efficient computation of the gradient. Backpropagation can be divided into the following steps: It can forward propagation of training data through the network to generate output. It uses target value and output value to compute error derivative concerning output activations. It can backpropagate to compute the derivative of the error concerning output activations in the previous layer and continue for all hidden layers. It uses the previously calculated derivatives for output and all hidden layers to calculate the error derivative concerning weights. It updates the weights.
32,DL,Hard,What is the function of the Fourier Transform in Deep Learning?,"Fourier transform package is highly efficient for analyzing, maintaining, and managing a large databases. The software is created with a high-quality feature known as the special portrayal. One can effectively utilize it to generate real-time array data, which is extremely helpful for processing all categories of signals. 9) Describe the theory of autonomous form of deep learning in a few words. There are several forms and categories available for the particular subject, but the autonomous pattern represents independent or unspecified mathematical bases which are free from any specific categorizer or formula."
33,DL,Medium,"What is the use of Deep learning in today's age, and how is it adding data scientists?",Deep learning has brought significant changes or revolution in the field of machine learning and data science. The concept of a complex neural network (CNN) is the main center of attention for data scientists. It is widely taken because of its advantages in performing next-level machine learning operations. The advantages of deep learning also include the process of clarifying and simplifying issues based on an algorithm due to its utmost flexible and adaptable nature. It is one of the rare procedures which allow the movement of data in independent pathways. Most of the data scientists are viewing this particular medium as an advanced additive and extended way to the existing process of machine learning and utilizing the same for solving complex day to day issues.
34,DL,Easy,What are the deep learning frameworks or tools?,"Deep learning frameworks or tools are: Tensorflow, Keras, Chainer, Pytorch, Theano & Ecosystem, Caffe2, CNTK, DyNetGensim, DSSTNE, Gluon, Paddle, Mxnet, BigDL"
35,DL,Easy,What are the disadvantages of deep learning?,"There are some disadvantages of deep learning, which are: Deep learning model takes longer time to execute the model. In some cases, it even takes several days to execute a single model depends on complexity. The deep learning model is not good for small data sets, and it fails here."
36,DL,Medium,What is the meaning of term weight initialization in neural networks?,"In neural networking, weight initialization is one of the essential factors. A bad weight initialization prevents a network from learning. On the other side, a good weight initialization helps in giving a quicker convergence and a better overall error. Biases can be initialized to zero. The standard rule for setting the weights is to be close to zero without being too small. 14) Explain Data Normalization. Data normalization is an essential preprocessing step, which is used to rescale values to fit in a specific range. It assures better convergence during backpropagation. In general, data normalization boils down to subtracting the mean of each data point and dividing by its standard deviation."
37,DL,Hard,Why is zero initialization not a good weight initialization process?,"If the set of weights in the network is put to a zero, then all the neurons at each layer will start producing the same output and the same gradients during backpropagation. As a result, the network cannot learn at all because there is no source of asymmetry between neurons. That is the reason why we need to add randomness to the weight initialization process."
38,DL,Easy,What are the prerequisites for starting in Deep Learning?,"There are some basic requirements for starting in Deep Learning, which are: Machine Learning Mathematics Python Programming"
39,DL,Easy,What are the supervised learning algorithms in Deep learning?,Artificial neural network Convolution neural network Recurrent neural network
40,DL,Easy,What are the unsupervised learning algorithms in Deep learning?,Self Organizing Maps Deep belief networks (Boltzmann Machine) Auto Encoders
41,DL,Easy,How many layers in the neural network?,Input Layer The input layer contains input neurons which send information to the hidden layer. Hidden Layer The hidden layer is used to send data to the output layer. Output Layer The data is made available at the output layer.
42,DL,Medium,What is the use of the Activation function?,"The activation function is used to introduce nonlinearity into the neural network so that it can learn more complex function. Without the Activation function, the neural network would be only able to learn function, which is a linear combination of its input data. Activation function translates the inputs into outputs. The activation function is responsible for deciding whether a neuron should be activated or not. It makes the decision by calculating the weighted sum and further adding bias with it. The basic purpose of the activation function is to introduce non-linearity into the output of a neuron."
43,DL,Medium,How many types of activation function are available?,Binary Step Sigmoid Tanh ReLU Leaky ReLU Softmax Swish
44,DL,Easy,What is a binary step function?,"The binary step function is an activation function, which is usually based on a threshold. If the input value is above or below a particular threshold limit, the neuron is activated, then it sends the same signal to the next layer. This function does not allow multi-value outputs."
45,DL,Easy,What is the sigmoid function?,"The sigmoid activation function is also called the logistic function. It is traditionally a trendy activation function for neural networks. The input data to the function is transformed into a value between 0.0 and 1.0. Input values that are much larger than 1.0 are transformed to the value 1.0. Similarly, values that are much smaller than 0.0 are transformed into 0.0. The shape of the function for all possible inputs is an S-shape from zero up through 0.5 to 1.0. It was the default activation used on neural networks, in the early 1990s."
46,DL,Easy,What is Tanh function?,"The hyperbolic tangent function, also known as tanh for short, is a similar shaped nonlinear activation function. It provides output values between -1.0 and 1.0. Later in the 1990s and through the 2000s, this function was preferred over the sigmoid activation function as models. It was easier to train and often had better predictive performance."
47,DL,Medium,What is ReLU function?,"A node or unit which implements the activation function is referred to as a rectified linear activation unit or ReLU for short. Generally, networks that use the rectifier function for the hidden layers are referred to as rectified networks. Adoption of ReLU may easily be considered one of the few milestones in the deep learning revolution."
48,DL,Medium,What is the use of leaky ReLU function?,The Leaky ReLU (LReLU or LReL) manages the function to allow small negative values when the input is less than zero.
49,DL,Easy,What is the softmax function?,"The softmax function is used to calculate the probability distribution of the event over 'n' different events. One of the main advantages of using softmax is the output probabilities range. The range will be between 0 to 1, and the sum of all the probabilities will be equal to one. When the softmax function is used for multi-classification model, it returns the probabilities of each class, and the target class will have a high probability."
50,DL,Easy,What is a Swish function?,"Swish is a new, self-gated activation function. Researchers at Google discovered the Swish function. According to their paper, it performs better than ReLU with a similar level of computational efficiency."
51,DL,Medium,What is the most used activation function?,Relu function is the most used activation function. It helps us to solve vanishing gradient problems.
52,DL,Medium,Can Relu function be used in output layer?,"No, Relu function has to be used in hidden layers."
53,DL,Medium,In which layer softmax activation function used?,Softmax activation function has to be used in the output layer.
54,DL,Medium,What do you understand by Autoencoder?,"Autoencoder is an artificial neural network. It can learn representation for a set of data without any supervision. The network automatically learns by copying its input to the output; typically,internet representation consists of smaller dimensions than the input vector. As a result, they can learn efficient ways of representing the data. Autoencoder consists of two parts; an encoder tries to fit the inputs to the internal representation, and a decoder converts the internal state to the outputs."
55,DL,Medium,What do you mean by Dropout?,"Dropout is a cheap regulation technique used for reducing overfitting in neural networks. We randomly drop out a set of nodes at each training step. As a result, we create a different model for each training case, and all of these models share weights. It's a form of model averaging."
56,DL,Easy,What do you understand by Tensors?,"Tensors are nothing but a de facto for representing the data in deep learning. They are just multidimensional arrays, which allows us to represent the data having higher dimensions. In general, we deal with high dimensional data sets where dimensions refer to different features present in the data set."
57,DL,Hard,What do you understand by Boltzmann Machine?,"A Boltzmann machine (also known as stochastic Hopfield network with hidden units) is a type of recurrent neural network. In a Boltzmann machine, nodes make binary decisions with some bias. Boltzmann machines can be strung together to create more sophisticated systems such as deep belief networks. Boltzmann Machines can be used to optimize the solution to a problem. Some important points about Boltzmann Machine- It uses a recurrent structure. It consists of stochastic neurons, which include one of the two possible states, either 1 or 0. The neurons present in this are either in an adaptive state (free state) or clamped state (frozen state). If we apply simulated annealing or discrete Hopfield network, then it would become a Boltzmann Machine."
58,DL,Easy,What is Model Capacity?,"The capacity of a deep learning neural network controls the scope of the types of mapping functions that it can learn. Model capacity can approximate any given function. When there is a higher model capacity, it means that the larger amount of information can be stored in the network."
59,DL,Easy,What is the cost function?,"A cost function describes us how well the neural network is performing with respect to its given training sample and the expected output. It may depend on variables such as weights and biases.It provides the performance of a neural network as a whole. In deep learning, our priority is to minimize the cost function. That's why we prefer to use the concept of gradient descent."
60,DL,Medium,Explain gradient descent?,"An optimization algorithm that is used to minimize some function by repeatedly moving in the direction of steepest descent as specified by the negative of the gradient is known as gradient descent. It's an iteration algorithm, in every iteration algorithm, we compute the gradient of a cost function, concerning each parameter and update the parameter of the function via the following formula: Where, Θ - is the parameter vector, α - learning rate, J(Θ) - is a cost function In machine learning, it is used to update the parameters of our model. Parameters represent the coefficients in linear regression and weights in neural networks."
61,DL,Medium,"Explain the following variant of Gradient Descent: Stochastic, Batch, and Mini-batch?","Stochastic Gradient Descent Stochastic gradient descent is used to calculate the gradient and update the parameters by using only a single training example. Batch Gradient Descent Batch gradient descent is used to calculate the gradients for the whole dataset and perform just one update at each iteration. Mini-batch Gradient Descent Mini-batch gradient descent is a variation of stochastic gradient descent. Instead of a single training example, mini-batch of samples is used. Mini-batch gradient descent is one of the most popular optimization algorithms."
62,DL,Medium,What are the main benefits of Mini-batch Gradient Descent?,"It is computationally efficient compared to stochastic gradient descent. It improves generalization by finding flat minima. It improves convergence by using mini-batches. We can approximate the gradient of the entire training set, which might help to avoid local minima."
63,DL,Easy,What is matrix element-wise multiplication? Explain with an example.,Element-wise matrix multiplication is used to take two matrices of the same dimensions. It further produces another combined matrix with the elements that are a product of corresponding elements of matrix a and b.
64,DL,Medium,What do you understand by a convolutional neural network?,"A convolutional neural network, often called CNN, is a feedforward neural network. It uses convolution in at least one of its layers. The convolutional layer contains a set of filter (kernels). This filter is sliding across the entire input image, computing the dot product between the weights of the filter and the input image. As a result of training, the network automatically learns filters that can detect specific features. 43) Explain the different layers of CNN. There are four layered concepts that we should understand in CNN (Convolutional Neural Network): Convolution This layer comprises of a set of independent filters. All these filters are initialized randomly. These filters then become our parameters which will be learned by the network subsequently. ReLU The ReLu layer is used with the convolutional layer. Pooling It reduces the spatial size of the representation to lower the number of parameters and computation in the network. This layer operates on each feature map independently. Full Collectedness Neurons in a completely connected layer have complete connections to all activations in the previous layer, as seen in regular Neural Networks. Their activations can be easily computed with a matrix multiplication followed by a bias offset."
65,DL,Medium,What is an RNN?,"RNN stands for Recurrent Neural Networks. These are the artificial neural networks which are designed to recognize patterns in sequences of data such as handwriting, text, the spoken word, genomes, and numerical time series data. RNN use backpropagation algorithm for training because of their internal memory. RNN can remember important things about the input they received, which enables them to be very precise in predicting what's coming next."
66,DL,Medium,What are the issues faced while training in Recurrent Networks?,"Recurrent Neural Network uses backpropagation algorithm for training, but it is applied on every timestamp. It is usually known as Back-propagation Through Time (BTT). There are two significant issues with Back-propagation, such as: Vanishing Gradient When we perform Back-propagation, the gradients tend to get smaller and smaller because we keep on moving backward in the Network. As a result, the neurons in the earlier layer learn very slowly if we compare it with the neurons in the later layers.Earlier layers are more valuable because they are responsible for learning and detecting simple patterns. They are the building blocks of the network. If they provide improper or inaccurate results, then how can we expect the next layers and complete network to perform nicely and provide accurate results. The training procedure tales long, and the prediction accuracy of the model decreases. Exploding Gradient Exploding gradients are the main problem when large error gradients accumulate. They provide result in very large updates to neural network model weights during training. Gradient Descent process works best when updates are small and controlled. When the magnitudes of the gradient accumulate, an unstable network is likely to occur. It can cause poor prediction of results or even a model that reports nothing useful. 46) Explain the importance of LSTM. LSTM stands for Long short-term memory. It is an artificial RNN (Recurrent Neural Network) architecture, which is used in the field of deep learning. LSTM has feedback connections which makes it a ""general purpose computer."" It can process not only a single data point but also entire sequences of data. They are a special kind of RNN which are capable of learning long-term dependencies."
67,DL,Medium,What are the different layers of Autoencoders? Explain briefly.,An autoencoder contains three layers: Encoder The encoder is used to compress the input into a latent space representation. It encodes the input images as a compressed representation in a reduced dimension. The compressed images are the distorted version of the original image. Code The code layer is used to represent the compressed input which is fed to the decoder. Decoder The decoder layer decodes the encoded image back to its original dimension. The decoded image is a reduced reconstruction of the original image. It is automatically reconstructed from the latent space representation.
68,DL,Hard,What do you understand by Deep Autoencoders?,"Deep Autoencoder is the extension of the simple Autoencoder. The first layer present in DeepAutoencoder is responsible for first-order functions in the raw input. The second layer is responsible for second-order functions corresponding to patterns in the appearance of first-order functions. Deeper layers which are available in the Deep Autoencoder tend to learn even high-order features. A deep autoencoder is the combination of two, symmetrical deep-belief networks: First four or five shallow layers represent the encoding half. The other combination of four or five layers makes up the decoding half."
69,DL,Easy,What are the three steps to developing the necessary assumption structure in Deep learning?,"The procedure of developing an assumption structure involves three specific actions. The first step contains algorithm development. This particular process is lengthy. The second step contains algorithm analyzing, which represents the in-process methodology. The third step is about implementing the general algorithm in the final procedure. The entire framework is interlinked and required for throughout the process."
70,DL,Easy,What is the difference between Machine Learning and Deep Learning?,"Machine Learning forms a subset of Artificial Intelligence, where we use statistics and algorithms to train machines with data, thereby helping them improve with experience. Deep Learning is a part of Machine Learning, which involves mimicking the human brain in terms of structures called neurons, thereby forming neural networks."
71,DL,Easy,What is a perceptron?,"A perceptron is similar to the actual neuron in the human brain. It receives inputs from various entities and applies functions to these inputs, which transform them to be the output. A perceptron is mainly used to perform binary classification where it sees an input, computes functions based on the weights of the input, and outputs the required transformation."
72,DL,Easy,How is Deep Learning better than Machine Learning?,"Machine Learning is powerful in a way that it is sufficient to solve most of the problems. However, Deep Learning gets an upper hand when it comes to working with data that has a large number of dimensions. With data that is large in size, a Deep Learning model can easily work with it as it is built to handle this."
73,DL,Easy,What are some of the most used applications of Deep Learning?,Deep Learning is used in a variety of fields today. The most used ones are as follows: Sentiment Analysis Computer Vision Automatic Text Generation Object Detection Natural Language Processing Image Recognition
74,DL,Easy,What is the meaning of overfitting?,"Overfitting is a very common issue when working with Deep Learning. It is a scenario where the Deep Learning algorithm vigorously hunts through the data to obtain some valid information. This makes the Deep Learning model pick up noise rather than useful data, causing very high variance and low bias. This makes the model less accurate, and this is an undesirable effect that can be prevented."
75,DL,Medium,What are activation functions?,Activation functions are entities in Deep Learning that are used to translate inputs into a usable output parameter. It is a function that decides if a neuron needs activation or not by calculating the weighted sum on it with the bias. Using an activation function makes the model output to be non-linear. There are many types of activation functions: ReLU Softmax Sigmoid Linear Tanh
76,DL,Easy,Why is Fourier transform used in Deep Learning?,Fourier transform is an effective package used for analyzing and managing large amounts of data present in a database. It can take in real-time array data and process it quickly. This ensures that high efficiency is maintained and also makes the model more open to processing a variety of signals.
77,DL,Easy,What are the steps involved in training a perception in Deep Learning?,There are five main steps that determine the learning of a perceptron: Initialize thresholds and weights Provide inputs Calculate outputs Update weights in each step Repeat steps 2 to 4
78,DL,Easy,What is the use of the loss function?,"The loss function is used as a measure of accuracy to see if a neural network has learned accurately from the training data or not. This is done by comparing the training dataset to the testing dataset. The loss function is a primary measure of the performance of the neural network. In Deep Learning, a good performing network will have a low loss function at all times when training."
79,DL,Easy,What are some of the Deep Learning frameworks or tools that you have used?,"This question is quite common in a Deep Learning interview. Make sure to answer based on the experience you have with the tools. However, some of the top Deep Learning frameworks out there today are: TensorFlow Keras PyTorch Caffe2 CNTK MXNet Theano"
80,DL,Easy,What is the use of the swish function?,The swish function is a self-gated activation function developed by Google. It is now a popular activation function used by many as Google claims that it outperforms all of the other activation functions in terms of computational efficiency.
81,DL,Medium,What are autoencoders?,"Autoencoders are artificial neural networks that learn without any supervision. Here, these networks have the ability to automatically learn by mapping the inputs to the corresponding outputs. Autoencoders, as the name suggests, consist of two entities: Encoder: Used to fit the input into an internal computation state Decoder: Used to convert the computational state back into the output"
82,DL,Medium,What are the steps to be followed to use the gradient descent algorithm?,There are five main steps that are used to initialize and use the gradient descent algorithm: Initialize biases and weights for the network Send input data through the network (the input layer) Calculate the difference (the error) between expected and predicted values Change values in neurons to minimize the loss function Multiple iterations to determine the best weights for efficient working 14. Differentiate between a single-layer perceptron and a multi-layer perceptron.
83,DL,Easy,What is data normalization in Deep Learning?,Data normalization is a preprocessing step that is used to refit the data into a specific range. This ensures that the network can learn effectively as it has better convergence when performing backpropagation.
84,DL,Easy,What is forward propagation?,"Forward propagation is the scenario where inputs are passed to the hidden layer with weights. In every single hidden layer, the output of the activation function is calculated until the next layer can be processed. It is called forward propagation as the process begins from the input layer and moves toward the final output layer."
85,DL,Medium,What are hyperparameters in Deep Learning?,"Hyperparameters are variables used to determine the structure of a neural network. They are also used to understand parameters, such as the learning rate and the number of hidden layers and more, present in the neural network."
86,DL,Medium,How can hyperparameters be trained in neural networks?,"Hyperparameters can be trained using four components as shown below: Batch size: This is used to denote the size of the input chunk. Batch sizes can be varied and cut into sub-batches based on the requirement. Epochs: An epoch denotes the number of times the training data is visible to the neural network so that it can train. Since the process is iterative, the number of epochs will vary based on the data. Momentum: Momentum is used to understand the next consecutive steps that occur with the current data being executed at hand. It is used to avoid oscillations when training. Learning rate: Learning rate is used as a parameter to denote the time required for the network to update the parameters and learn."
87,DL,Medium,What is the meaning of dropout in Deep Learning?,"Dropout is a technique that is used to avoid overfitting a model in Deep Learning. If the dropout value is too low, then it will have minimal effect on learning. If it is too high, then the model can under-learn, thereby causing lower efficiency."
88,DL,Easy,What are tensors?,"Tensors are multidimensional arrays in Deep Learning that are used to represent data. They represent the data with higher dimensions. Due to the high-level nature of the programming languages, the syntax of tensors are easily understood and broadly used."
89,DL,Easy,What is the meaning of model capacity in Deep Learning?,"In Deep Learning, model capacity refers to the capacity of the model to take in a variety of mapping functions. Higher model capacity means a large amount of information can be stored in the network. We will check out neural network interview questions alongside as it is also a vital part of Deep Learning."
90,DL,Hard,What is a Boltzmann machine?,"A Boltzmann machine is a type of recurrent neural network that uses binary decisions, alongside biases, to function. These neural networks can be hooked up together to create deep belief networks, which are very sophisticated and used to solve the most complex problems out there."
91,DL,Easy,What are some of the advantages of using TensorFlow?,"TensorFlow has numerous advantages, and some of them are as follows: High amount of flexibility and platform independence Trains using CPU and GPU Supports auto differentiation and its features Handles threads and asynchronous computation easily Open-source Has a large community"
92,DL,Easy,What is a computational graph in Deep Learning?,"A computation graph is a series of operations that are performed to take in inputs and arrange them as nodes in a graph structure. It can be considered as a way of implementing mathematical calculations into a graph. This helps in parallel processing and provides high performance in terms of computational capability. If you are looking forward to becoming an expert in Deep Learning, make sure to check out Intellipaat’s AI Engineer Course."
93,DL,Medium,What is a CNN?,CNNs are convolutional neural networks that are used to perform analysis on images and visuals. These classes of neural networks can input a multi-channel image and work on it easily. These Deep Learning questions must be answered in a concise way. So make sure to understand them and revisit them if necessary.
94,DL,Medium,What are the various layers present in a CNN?,There are four main layers that form a convolutional neural network: Convolution: These are layers consisting of entities called filters that are used as parameters to train the network. ReLu: It is used as the activation function and used always with the convolution layer. Pooling: Pooling is the concept of shrinking the complex data entities that form after convolution and is primarily used to maintain the size of an image after shrinkage. Connectedness: This is used to ensure that all of the layers in the neural network are fully connected and activation can be computed using the bias easily.
95,DL,Medium,What is an RNN in Deep Learning?,"RNNs stand for recurrent neural networks, which form to be a popular type of artificial neural network. They are used to process sequences of data, text, genomes, handwriting, and more. RNNs make use of backpropagation for the training requirements."
96,DL,Medium,What is a vanishing gradient when using RNNs?,"Vanishing gradient is a scenario that occurs when we use RNNs. Since RNNs make use of backpropagation, gradients at every step of the way will tend to get smaller as the network traverses through backward iterations. This equates to the model learning very slowly, thereby causing efficiency problems in the network."
97,DL,Medium,What is exploding gradient descent in Deep Learning?,Exploding gradients are an issue causing a scenario that clumps up the gradients. This creates a large number of updates of the weights in the model when training. The working of gradient descent is based on the condition that the updates are small and controlled. Controlling the updates will directly affect the efficiency of the model.
98,DL,Hard,What is the use of LSTM?,LSTM stands for long short-term memory. It is a type of RNN that is used to sequence a string of data. It consists of feedback chains that give it the ability to perform like a general-purpose computational entity.
99,DL,Medium,Where are autoencoders used?,Autoencoders have a wide variety of usage in the real world. The following are some of the popular ones: Adding color to black–white images Removing noise from images Dimensionality reduction Feature removal and variation
100,DL,Medium,What are the types of autoencoders?,There are four main types of autoencoders: Deep autoencoders Convolutional autoencoders Sparse autoencoders Contractive autoencoders
101,DL,Hard,What is a Restricted Boltzmann Machine?,"A Restricted Boltzmann Machine, or RBM for short, is an undirected graphical model that is popularly used in Deep Learning today. It is an algorithm that is used to perform: Dimensionality reduction Regression Classification Collaborative filtering Topic modeling"
102,DL,Easy,What are some of the limitations of Deep Learning?,There are a few disadvantages of Deep Learning as mentioned below: Networks in Deep Learning require a huge amount of data to train well. Deep Learning concepts can be complex to implement sometimes. Achieving a high amount of model efficiency is difficult in many cases. These are some of the vital advanced deep learning interview questions that you have to know about!
103,DL,Medium,What are the variants of gradient descent?,"There are three variants of gradient descent as shown below: Stochastic gradient descent: A single training example is used for the calculation of gradient and for updating parameters. Batch gradient descent: Gradient is calculated for the entire dataset, and parameters are updated at every iteration. Mini-batch gradient descent: Samples are broken down into smaller-sized batches and then worked on as in the case of stochastic gradient descent."
104,DL,Medium,Why is mini-batch gradient descent so popular?,Mini-batch gradient descent is popular as: It is more efficient when compared to stochastic gradient descent. Generalization is done by finding the flat minima. It helps avoid the local minima by allowing the approximation of the gradient for the entire dataset.
105,DL,Hard,What are deep autoencoders?,"Deep autoencoders are an extension of the regular autoencoders. Here, the first layer is responsible for the first-order function execution of the input. The second layer will take care of the second-order functions, and it goes on. Usually, a deep autoencoder is a combination of two or more symmetrical deep-belief networks where: The first five shallow layers consist of the encoding part The other layers take care of the decoding part On the next set of Deep Learning questions, let us look further into the topic."
106,DL,Medium,Why is the Leaky ReLU function used in Deep Learning?,"Leaky ReLU, also called LReL, is used to manage a function to allow the passing of small-sized negative values if the input value to the network is less than zero."
107,DL,Easy,What are some of the examples of supervised learning algorithms in Deep Learning?,There are three main supervised learning algorithms in Deep Learning: Artificial neural networks Convolutional neural networks Recurrent neural networks
108,DL,Easy,What are some of the examples of unsupervised learning algorithms in Deep Learning?,"There are three main unsupervised learning algorithms in Deep Learning: Autoencoders Boltzmann machines Self-organizing maps Next up, let us look at more neural network interview questions that will help you ace the interviews."
109,DL,Hard,Can we initialize the weights of a network to start from zero?,"Yes, it is possible to begin with zero initialization. However, it is not recommended to use because setting up the weights to zero initially will cause all of the neurons to produce the same output and the same gradients when performing backpropagation. This means that the network will not have the ability to learn at all due to the absence of asymmetry between each of the neurons."
110,DL,Medium,What is the meaning of valid padding and same padding in CNN?,"Valid padding: It is used when there is no requirement for padding. The output matrix will have the dimensions (n – f + 1) X (n – f + 1) after convolution. Same padding: Here, padding elements are added all around the output matrix. It will have the same dimensions as the input matrix."
111,DL,Hard,What are some of the applications of transfer learning in Deep Learning?,"Transfer learning is a scenario where a large model is trained on a dataset with a large amount of data and this model is used on simpler datasets, thereby resulting in extremely efficient and accurate neural networks. The popular examples of transfer learning are in the case of: BERT ResNet GPT-2 VGG-16"
112,DL,Hard,How is the transformer architecture better than RNNs in Deep Learning?,"With the use of sequential processing, programmers were up against: The usage of high processing power The difficulty of parallel execution This caused the rise of the transformer architecture. Here, there is a mechanism called attention mechanism, which is used to map all of the dependencies between sentences, thereby making huge progress in the case of NLP models."
113,DL,Hard,What are the steps involved in the working of an LSTM network?,There are three main steps involved in the working of an LSTM network: The network picks up the information that it has to remember and identifies what to forget. Cell state values are updated based on Step 1. The network calculates and analyzes which part of the current state should make it to the output.
114,DL,Easy,What are the elements in TensorFlow that are programmable?,"In TensorFlow, users can program three elements: Constants Variables Placeholders"
115,DL,Easy,What is the meaning of bagging and boosting in Deep Learning?,Bagging is the concept of splitting a dataset and randomly placing it into bags for training the model. Boosting is the scenario where incorrect data points are used to force the model to produce the wrong output. This is used to retrain the model and increase accuracy.
116,DL,Hard,What are generative adversarial networks (GANs)?,"Generative adversarial networks are used to achieve generative modeling in Deep Learning. It is an unsupervised task that involves the discovery of patterns in the input data to generate the output. The generator is used to generate new examples, while the discriminator is used to classify the examples generated by the generator."
117,DL,Hard,Why are generative adversarial networks (GANs) so popular?,"Generative adversarial networks are used for a variety of purposes. In the case of working with images, they have a high amount of traction and efficient working. Creation of art: GANs are used to create artistic images, sketches, and paintings. Image enhancement: They are used to greatly enhance the resolution of the input images. Image translation: They are also used to change certain aspects, such as day to night and summer to winter, in images easily."
118,DL,Medium,Why is it necessary to introduce non-linearities in a neural network?,"Solution: otherwise, we would have a composition of linear functions, which is also a linear function, giving a linear model. A linear model has a much smaller number of parameters, and is therefore limited in the complexity it can model. 2. Describe two ways of dealing with the vanishing gradient problem in a neural network. Solution: Using ReLU activation instead of sigmoid. Using Xavier initialization."
119,DL,Medium,What are some advantages in using a CNN (convolutional neural network) rather than a DNN (dense neural network) in an image classification task?,"Solution: while both models can capture the relationship between close pixels, CNNs have the following properties: It is translation invariant — the exact location of the pixel is irrelevant for the filter. It is less likely to overfit — the typical number of parameters in a CNN is much smaller than that of a DNN. Gives us a better understanding of the model — we can look at the filters’ weights and visualize what the network “learned”. Hierarchical nature — learns patterns in by describing complex patterns using simpler ones. 4. Describe two ways to visualize features of a CNN in an image classification task. Solution: Input occlusion — cover a part of the input image and see which part affect the classification the most. For instance, given a trained image classification model, give the images below as input. If, for instance, we see that the 3rd image is classified with 98% probability as a dog, while the 2nd image only with 65% accuracy, it means that the part covered in the 2nd image is more important. Activation Maximization — the idea is to create an artificial input image that maximize the target response (gradient ascent)."
120,DL,Easy,"Is trying the following learning rates: 0.1,0.2,…,0.5 a good strategy to optimize the learning rate?","Solution: No, it is recommended to try a logarithmic scale to optimize the learning rate."
121,DL,Medium,Suppose you have a NN with 3 layers and ReLU activations. What will happen if we initialize all the weights with the same value? what if we only had 1 layer (i.e linear/logistic regression?),"Solution: If we initialize all the weights to be the same we would not be able to break the symmetry; i.e, all gradients will be updated the same and the network will not be able to learn. In the 1-layers scenario, however, the cost function is convex (linear/sigmoid) and thus the weights will always converge to the optimal point, regardless of the initial value (convergence may be slower). 7. Explain the idea behind the Adam optimizer. Solution: Adam, or adaptive momentum, combines two ideas to improve convergence: per-parameter updates which give faster convergence, and momentum which helps to avoid getting stuck in saddle point. 8. Compare batch, mini-batch and stochastic gradient descent. Solution: batch refers to estimating the data by taking the entire data, mini-batch by sampling a few datapoints, and SGD refers to update the gradient one datapoint at each epoch. The tradeoff here is between how precise the calculation of the gradient is versus what size of batch we can keep in memory. Moreover, taking mini-batch rather than the entire batch has a regularizing effect by adding random noise at each epoch."
122,DL,Easy,What is data augmentation? Give examples.,"Solution: Data augmentation is a technique to increase the input data by performing manipulations on the original data. For instance in images, one can: rotate the image, reflect (flip) the image, add Gaussian blur."
123,DL,Hard,What is the idea behind GANs?,"Solution: GANs, or generative adversarial networks, consist of two networks (D,G) where D is the “discriminator” network and G is the “generative” network. The goal is to create data — images, for instance, which are undistinguishable from real images. Suppose we want to create an adversarial example of a cat. The network G will generate images. The network D will classify images according to whether they are a cat or not. The cost function of G will be constructed such that it tries to “fool” D — to classify its output always as cat."
124,DL,Hard,What are the advantages of using Batchnorm?,Solution: Batchnorm accelerates the training process. It also (as a byproduct of including some noise) has a regularizing effect.
125,DL,Easy,What is multi-task learning? When should it be used?,"Solution: Multi-tasking is useful when we have a small amount of data for some task, and we would benefit from training a model on a large dataset of another task. Parameters of the models are shared — either in a “hard” way (i.e the same parameters) or a “soft” way (i.e regularization/penalty to the cost function)."
126,DL,Easy,What is end-to-end learning? Give a few of its advantages.,"Solution: End-to-end learning is usually a model which gets the raw data and outputs directly the desired outcome, with no intermediate tasks or feature engineering. It has several advantages, among which: there is no need to handcraft features, and it generally leads to lower bias."
127,DL,Medium,What happens if we use a ReLU activation and then a sigmoid as the final layer?,"Solution: Since ReLU always outputs a non-negative result, the network will constantly predict one class for all the inputs!"
128,DL,Medium,How to solve the exploding gradient problem?,"Solution: A simple solution to the exploding gradient problem is gradient clipping — taking the gradient to be ±M when its absolute value is bigger than M, where M is some large number."
129,DL,Medium,Is it necessary to shuffle the training data when using batch gradient descent?,"Solution: No, because the gradient is calculated at each epoch using the entire training data, so shuffling does not make a difference."
130,DL,Medium,"When using mini batch gradient descent, why is it important to shuffle the data?","Solution: otherwise, suppose we train a NN classifier and have two classes — A and B, and that all samples of one class come before the other class. Not shuffling the data will make the weights converge to a wrong value. 18. Describe some hyperparameters for transfer learning. Solution: How many layers to keep, how many layers to add, how many to freeze."
131,DL,Medium,Is dropout used on the test set?,"Solution: No! only in the train set. Dropout is a regularization technique that is applied in the training process. 20. Explain why dropout in a neural network acts as a regularizer. Solution: There are several (related) explanations to why dropout works. It can be seen as a form of model averaging — at each step we “turn off” a part of the model and average the models we get. It also adds noise, which naturally has a regularizing effect. It also leads to more sparsity of the weights and essentially prevents co-adaptation of neurons in the network. 21. Give examples in which a many-to-one RNN architecture is appropriate. Solution: A few examples are: sentiment analysis, gender recognition from speech, ."
132,DL,Hard,When can’t we use BiLSTM? Explain what assumption has to be made.,"Solution: in any bi-directional model, we assume that we have access to the next elements of the sequence in a given “time”. This is the case for text data (i.e sentiment analysis, translation etc.), but not the case for time-series data. 23. True/false: adding L2 regularization to a RNN can help with the vanishing gradient problem. Solution: false! Adding L2 regularization will shrink the weights towards zero, which can actually make the vanishing gradients worse in some cases."
133,DL,Medium,Suppose the training error/cost is high and that the validation cost/error is almost equal to it. What does it mean? What should be done?,"Solution: this indicates underfitting. One can add more parameters, increase the complexity of the model, or lower the regularization. 25. Describe how L2 regularization can be explained as a sort of a weight decay. Solution: Suppose our cost function is C(w), and that we add a penalization c|w|2 . When using gradient descent, the iterations will look like w = w -grad(C)(w) — 2cw = (1–2c)w — grad(C)(w) In this equation, the weight is multiplied by a factor < 1."
134,ML,Easy,What is supervised learning?,Supervised learning is where you have input data (X) and their corresponding output variables.
135,ML,Easy,What is linear regression?,"Linear Regression is a parametric, discriminative supervised learning algorithm to predict continuous values of a target variable by fitting the best linear relationship between the dependent & independent variable."
136,ML,Medium,What is gradient descent?,Gradient Descent is a first order optimization algorithm used for finding the local minima of an objective function. It starts with initial set of parameter values and iteratively moves towards a set of values that minimize the function by taking steps towards the negative direction of the function gradient.
137,ML,Medium,What is logistic regression?,"Logistic regression is a parametric, discriminative supervised learning algorithm for classification, i.e used where the response variable is categorical by applying a sigmoid function to a linear prediction. The idea of logistic regression is to find a relationship between features and probability of particular outcome."
138,ML,Hard,What is maximum likelihood estimation?,"The principle of maximum likelihood states that we should choose parameters so as to make the data as high probability as possible, i.e we should choose parameters to maximize likelihood function."
139,ML,Easy,What is K-Nearest Neighbors?,It's a non-parametric supervised learning algorithm in which we assign a label to new data based on the labels of training examples which are most near to it. It's a lazy learning technique because it goes through complete training data every time it needs to predict a test sample.
140,ML,Medium,How is KNN different from k-means clustering?,"K-Nearest Neighbors is a supervised classification algorithm, while k-means clustering is an unsupervised clustering algorithm. KNN needs labeled data to classify an unlabeled point, while k-means requires only a set of unlabeled points and a threshold: it learns how to cluster them into groups by computing the mean of the distance between different points. The critical difference is that KNN needs labeled points and is thus supervised learning, while k-means doesn't — and is thus unsupervised learning."
141,ML,Medium,What is Naive Bayes?,"It is a supervised learning algorithm based on bayes theorem. It classifies different instances into predefined classes, assuming there is no interdependency of features."
142,ML,Medium,What is Support Vector Machines?,"Support Vector Machines is a non-parametric, discriminative supervised learning algorithm which identifies optimal separating hyperplane which maximizes the margin between different classes of the training data."
143,ML,Hard,What is Kernel Functions?,"Kernel methods owe their name to the use of kernel functions, which enable them to operate in a high-dimensional feature space without ever computing the coordinates of the data in that space, but rather by simply computing the inner products between the images of all pairs of data in the feature space."
144,ML,Medium,Examples of SVM Kernels?,"Polynomial kernel, Gaussian radial basis function (RBF), Sigmoid kernel."
145,ML,Medium,What is bagging?,"Bagging is an ensemble technique mainly used to reduce the variance of our predictions by combining the results of multiple classifiers modelled on different sub-samples of the same dataset. In Bagging, individual learners are trained in parallel."
146,ML,Medium,What is decision trees?,"Decision trees are non-parametric supervised learning algorithm. Given the training data, a decision tree algorithm divides the feature space into regions. For inference, we first see which region does the test data point fall in and take the mean label value (regression) or the majority label value (classification). Algorithms to build a decision tree: CART (Classification and Regression Trees) uses Gini Index (Classification) as metric; ID3 (Iterative Dichotomiser 3) uses Entropy function and Information gain as metrics."
147,ML,Hard,Finding the variable/feature for best split?,"Gini Index is a measure of variance across all classes of the data and measures the impurity of the data. Entropy is a measure of randomness — more random data means higher entropy (E = -p*log(p); p - probability). Information Gain is the decrease in entropy; the difference between entropy before the split and average entropy after split is used to decide when to split, and the variable which provides maximum entropy gain is chosen."
148,ML,Medium,What is random forest?,"Random forest improves bagging further by adding some randomness. In random forest, only a subset of features are selected at random to construct a tree. The benefit is that random forest decorrelates the trees."
149,ML,Medium,What is boosting?,"Boosting builds on weak learners in an iterative fashion. In each iteration, a new learner is added while all existing learners are kept unchanged. All learners are weighted based on their performance, and after a weak learner is added, the data are re-weighted: examples that are misclassified gain more weights, while examples that are correctly classified lose weights. Thus, future weak learners focus more on examples that previous weak learners misclassified."
150,ML,Medium,Types of Boosting Algorithms?,"AdaBoost (Adaptive Boosting), Gradient Tree Boosting, XGBoost."
151,ML,Medium,What is Confusion Metrics,"Confusion Matrix is an NxN matrix where N is the no. of classes, that summarizes how successful a classification model's predictions are. Accuracy is the fraction of predictions our model got right. Recall or Sensitivity or True Positive Rate is the number of items correctly identified as positive out of total true positives. Precision is the number of items correctly identified as positive out of total items identified as positive. True Negative Rate or Specificity is the number of items correctly identified as negative out of total true negatives. Type 1 Error or False Positive Rate is the number of items wrongly identified as positive out of total true negatives. Type 2 Error or False Negative Rate is the number of items wrongly identified as negative out of total true positives. RMSE represents the sample standard deviation of the differences between predicted values and observed values. MAE is the average of the absolute difference between the predicted values and observed value. R Squared & Adjusted R Squared (goodness of fit measure) explain how well your selected independent variable(s) explain the variability in your dependent variable(s)."
152,ML,Medium,Explain how a ROC curve works?,The ROC curve is a graphical representation of the contrast between true positive rates and the false positive rate at various thresholds. It's often used as a proxy for the trade-off between the sensitivity of the model (true positives) vs the fall-out or the probability it will trigger a false alarm (false positives).
153,ML,Easy,What is unsupervised Learning?,Unsupervised learning is where you only have input data (X) and no corresponding output variables.
154,ML,Easy,What is clustering?,It's a machine learning technique which segregates the various data points into different groups called clusters such that entities in a particular group comparatively have more similar traits than entities in another group.
155,ML,Medium,Top 5 Clustering Algorithms to know?,"K-Means Clustering, Agglomerative Hierarchical Clustering, Mean-Shift Clustering, Density-Based Spatial Clustering of Applications with Noise (DBSCAN), Expectation-Maximization (EM) Clustering using Gaussian Mixture Models (GMM)."
156,ML,Easy,K-means Clustering?,k-means clustering aims to partition n observations into k clusters in which each observation belongs to the cluster with the nearest mean.
157,ML,Medium,K-Means Clustering Algorithm?,"K-Means is fast with a linear complexity O(n), as all we're really doing is computing the distances between points and group centers. However, you have to select how many groups/classes there are. K-means also starts with a random choice of cluster centers and therefore it may yield different clustering results on different runs, so results may not be repeatable and lack consistency."
158,ML,Hard,Determining The Optimal Number Of Clusters: 3 Must Know Methods?,Elbow method (within-cluster sum of square vs number of clusters): we want it to be as small as possible. Average silhouette method (average silhouette of observations vs number of clusters): high average silhouette width indicates a good clustering. Gap statistic method: compares the total intracluster variation for different values of k with their expected values under null reference distribution of the data.
159,ML,Medium,Hierarchical Clustering?,It is a type of connectivity model clustering which is based on the fact that data points that are closer to each other are more similar than the data points lying far away in a data space. The hierarchical clustering forms the hierarchy of the clusters that can be studied by visualising a dendogram.
160,ML,Medium,Dimensionality Reduction Technique?,"Mainly there are two types of dimension reduction technique: Matrix Factorization (PCA) and Neighbour Graphs (UMAP, T-SNE)."
161,ML,Hard,PCA (Principal Component Analysis):,"PCA is a dimension reduction technique that projects the data into a lower dimensional space. PCA uses Singular Value Decomposition (SVD), a matrix factorization method that decomposes a matrix into three smaller matrices. PCA finds top N principal components, which are dimensions along which the data vary the most — the more spread out the data along a specific dimension, the more information is contained, thus the more important this dimension is for pattern recognition. PCA can be used as a pre-step for data visualization: reducing high dimensional data into 2D or 3D."
162,ML,Hard,T-SNE (t-distributed stochastic neighbor embedding)?,"It is a nonlinear dimensionality reduction technique well-suited for embedding high-dimensional data for visualization in a low-dimensional space of two or three dimensions. First, t-SNE constructs a probability distribution over pairs of high-dimensional objects such that similar objects have a high probability of being picked, whilst dissimilar points have an extremely small probability. Second, t-SNE defines a similar probability distribution over the points in the low-dimensional map, and it minimizes the Kullback-Leibler divergence between the two distributions with respect to the locations of the points in the map."
163,ML,Hard,UMAP (Uniform Manifold Approximation and Projection)?,"UMAP is a novel manifold learning technique for dimension reduction. The UMAP algorithm is competitive with t-SNE for visualization quality, and arguably preserves more of the global structure with superior run time performance. UMAP's topological foundations allow it to scale to significantly larger dataset sizes than are feasible for t-SNE."
164,ML,Medium,Cross Entropy or Log Loss?,Cross-entropy is commonly used to quantify the difference between two probability distributions. Cross-entropy loss measures how close the predicted distribution is to the true distribution.
165,ML,Medium,Why the Negative Sign in log loss?,"Log Loss uses negative log to provide an easy metric for comparison. It takes this approach because the positive log of numbers < 1 returns negative values, which is confusing to work with when comparing the performance of two models."
166,ML,Hard,Explain Bias-Variance Tradeoff.,Bias is the simplifying assumptions made by the model to make the target function easier to approximate. Variance is the amount that the estimate of the target function will change given different training data. The bias-variance trade-off is the conflict in trying to simultaneously minimize these two sources of error that prevent supervised learning algorithms from generalizing beyond their training set.
167,ML,Hard,What are Gaussian/Normal and Bernoulli Distributions?,"Gaussian/Normal: x ~ N(µ, σ²) means x is drawn from a Gaussian distribution with mean µ and variance σ². The probability of getting a value within 1 standard deviation is about 68%, 2 standard deviations is about 95%, and 3 standard deviations is about 99%. Bernoulli: A Bernoulli random variable takes on value 1 with probability p and value 0 with probability 1−p. Its expectation is p, and its variance is p(1 − p). Bernoulli variables are typically used to model binary random variables."
168,ML,Hard,Central Limit Theorem in brief.,The Central Limit Theorem states that the sampling distribution of the sample means approaches a normal distribution as the sample size gets larger — no matter what the shape of the population distribution. This fact holds especially true for sample sizes over 30.
169,ML,Medium,What is Confidence Intervals?,A confidence interval is how much uncertainty there is with any particular statistic. Confidence intervals are often used with a margin of error. It tells you how confident you can be that the results from a poll or survey reflect what you would expect to find if it were possible to survey the entire population.
170,ML,Medium,What is Hypothesis Testing?,"Hypothesis testing in statistics is a way for you to test the results of a survey or experiment to see if you have meaningful results. Steps: Figure out your null hypothesis, state your null hypothesis, choose what kind of test you need to perform, either support or reject the null hypothesis."
171,ML,Medium,what is Significance Level?,"The significance level α is the probability of making the wrong decision when the null hypothesis is true. Alpha levels are used in hypothesis tests. Usually, these tests are run with an alpha level of .05 (5%), but other levels commonly used are .01 and .10."
172,ML,Medium,What is A/B testing?,"A statistical way of comparing two (or more) techniques, typically an incumbent against a new rival. A/B testing aims to determine not only which technique performs better but also to understand whether the difference is statistically significant."
173,ML,Hard,What are different Statistical Hypothesis Tests.,Normality Tests — Shapiro-Wilk Test: Tests whether a data sample has a Gaussian distribution. Correlation Tests — Pearson's Correlation Coefficient: Tests whether two samples have a monotonic relationship. Spearman's Rank Correlation: Tests whether two samples have a monotonic relationship. Chi-Squared Test: Tests whether two categorical variables are related or independent. Parametric Statistical Hypothesis Tests — Student's t-test: Tests whether the means of two independent samples are significantly different. Paired Student's t-test: Tests whether the means of two paired samples are significantly different. ANOVA: Tests whether the means of two or more independent samples are significantly different. Repeated Measures ANOVA Test: Tests whether the means of two or more paired samples are significantly different.
174,ML,Medium,What is cross validation?,"Cross Validation is a technique to evaluate predictive models by partitioning the original sample into a training set to train the model, and a validation set to evaluate it. K fold CV divides the data into k folds, trains on each k-1 folds and evaluates it on remaining 1 fold. The result of k models can be averaged to get an overall model performance. Time-Series Cross Validation: Experimenters need to train on a set of data that is older than the test data."
175,ML,Easy,What is overfitting?,Overfitting or High Variance is a modeling error which is caused by a hypothesis function that fits the training data too close but does not generalise well to predict new data.
176,ML,Easy,What is regularization?,Regularization is a technique to prevent overfitting by penalizing the coefficients of the cost function.
177,ML,Medium,How to interpret the AU ROC score?,"An excellent model has AUC near to 1 which means it has good measure of separability. A poor model has AUC near to 0. When AUC score is 0.5, it means model has no class separation capacity whatsoever."
178,ML,Hard,What is the PR (precision-recall) curve?,A precision-recall curve (or PR Curve) is a plot of the precision (y-axis) and the recall (x-axis) for different probability thresholds. PR curves are recommended for highly skewed domains where ROC curves may provide an excessively optimistic view of the performance.
179,ML,Hard,What is the area under the PR curve? Is it a useful metric?,"The Precision-Recall AUC summarizes the curve with a range of threshold values as a single score. A high area under the curve represents both high recall and high precision. AU ROC looks at true positive rate (TPR) and false positive rate (FPR) while AU PR looks at positive predictive value (PPV) and true positive rate (TPR). If true negatives are not meaningful to the problem or you care more about the positive class, AU PR is typically more useful. If you care equally about the positive and negative class or your dataset is quite balanced, AU ROC is a good idea."
180,ML,Hard,How do we interpret weights in linear models?,"Without normalizing weights or variables, if you increase the corresponding predictor by one unit, the coefficient represents on average how much the output changes. This interpretation also works for logistic regression — the weight represents the change in the log of the odds. If the variables are normalized, we can interpret weights like the importance of that variable in the predicted result."
181,ML,Hard,If a weight for one variable is higher than for another — can we say that this variable is more important?,"Yes — if your predictor variables are normalized. Without normalization, the weight represents the change in the output per unit change in the predictor, so a small weight does not necessarily mean the variable is less important."
182,ML,Medium,What are the main parameters of the random forest model?,"max_depth: Longest path between root node and the leaf. min_sample_split: The minimum number of observations needed to split a given node. max_leaf_nodes: Conditions the splitting of the tree and hence, limits the growth of the trees. min_samples_leaf: Minimum number of samples in the leaf node. n_estimators: Number of trees. max_sample: Fraction of original dataset given to any individual tree in the given model. max_features: Limits the maximum number of features provided to trees in random forest model."
183,ML,Hard,How do we select the depth of the trees in random forest?,"There is no hard thumb rule, but literature suggests: Limit the maximum depth of a tree, limit the number of test nodes, limit the minimum number of objects at a node required to split, do not split a node when at least one of the resulting subsample sizes is below a given threshold, stop developing a node if it does not sufficiently improve the fit."
184,ML,Medium,How do we know how many trees we need in random forest?,"There is no fixed thumb rule to decide the number of trees. It is fine tuned with the data, typically starting off by taking the square of the number of features (n) present in the data followed by tuning until we get the optimal results."
185,ML,Hard,What happens when we have correlated features in our data?,"In random forest, the information contained in correlated features is twice as much likely to be picked than any other information. Adding correlated features means they linearly contain the same information and thus it will reduce the robustness of your model. Each time you train your model, your model might pick one feature or the other to do the same job."
186,ML,Hard,What is collaborative filtering?,"Collaborative filtering is the most prominent approach to generate recommendations. It uses the wisdom of the crowd, i.e. it gives recommendations based on the experience of others. A recommendation is calculated as the average of other experiences. Collaborative filtering only needs a rating matrix as input and improves over time. However, it does not work well on sparse data, does not work for cold starts, and usually tends to overfit."
187,ML,Hard,"How we can incorporate implicit feedback (clicks, etc) into our recommender systems?","Implicit feedback datasets lack negative examples. One popular approach is weighted alternating least squares (wALS). Instead of modeling the rating matrix directly, the numbers describe the strength in observations of user actions. The model tries to find latent factors that can be used to predict the expected preference of a user for an item."
188,ML,Medium,What is the cold start problem?,"There are two cold start scenarios: First, if there is a new item that has not been rated yet, we cannot give any recommendation. Also, when there is a new user, we cannot calculate a similarity to any other user."
189,ML,Hard,Possible approaches to solving the cold start problem?,"Content-based filtering incorporates features about items to calculate a similarity between them. . In this way, we can recommend items that have a high similarity to items that a user liked already. In this way, we are not dependent on the ratings of other users for a given item anymore and solve the cold start problem for new items. Demographic filtering incorporates user profiles to calculate a similarity between them and solves the cold start problem for new users."
190,ML,Medium,Why do you use feature selection?,"Feature selection is the process of selecting a subset of relevant features for use in model construction. Feature selection methods help by choosing features that will give you as good or better accuracy whilst requiring less data. They help identify and remove unneeded, irrelevant and redundant attributes from data. Fewer attributes reduces the complexity of the model, and a simpler model is simpler to understand and explain."
191,ML,Hard,What is a neural network?,"Neural networks are typically organized in layers. Layers are made up of a number of interconnected nodes which contain an activation function. Patterns are presented to the network via the input layer, which communicates to one or more hidden layers where the actual processing is done via a system of weighted connections. The hidden layers then link to an output layer where the answer is output. Backpropagation performs a gradient descent within the solution's vector space towards a global minimum along the steepest vector of the error surface."
192,ML,Medium,How do you deal with sparse data?,"We could take a look at L1 regularization since it best fits the sparse data and does feature selection. If linear relationship - linear regression either - svm. Also it would be nice to use one-hot-encoding or bag-of-words. A one hot encoding is a representation of categorical variables as binary vectors.This first requires that the categorical values be mapped to integer values.Then, each integer value is represented as a binary vector that is all zero values except the index of the integer, which is marked with a 1."
193,ML,Hard,What is Pseudo Labeling?,"Pseudo-labeling is a technique that allows you to use predicted (with confidence) test data in your training process. This effectively works by allowing your model to look at more samples, possibly varying in distributions."
194,ML,Hard,What is Knowledge Distillation?,"It is the process by which a considerably larger model is able to transfer its knowledge to a smaller one. Applications include NLP and object detection, allowing for less powerful hardware to make good inferences without significant loss of accuracy."
195,ML,Hard,What is the advantage of performing dimensionality reduction before fitting an SVM?,Support Vector Machine Learning Algorithm performs better in the reduced space. It is beneficial to perform dimensionality reduction before fitting an SVM if the number of features is large when compared to the number of observations.
196,ML,Medium,How will you assess the statistical significance of an insight?,Statistical importance of an insight can be accessed using Hypothesis Testing.
197,ML,Hard,What is Bayes' Theorem? How is it useful in a machine learning context?,Bayes' Theorem gives you the posterior probability of an event given what is known as prior knowledge. It is expressed as the true positive rate of a condition sample divided by the sum of the false positive rate of the population and the true positive rate of a condition. Bayes' Theorem is the basis behind a branch of machine learning that most notably includes the Naive Bayes classifier.
198,ML,Medium,What's the difference between Type I and Type II error?,"Type I error is a false positive, while Type II error is a false negative. Type I error means claiming something has happened when it hasn't, while Type II error means that you claim nothing is happening when in fact something is."
199,ML,Hard,What's a Fourier transform?,"A Fourier transform is a generic method to decompose generic functions into a superposition of symmetric functions. The Fourier transform finds the set of cycle speeds, amplitudes and phases to match any time signal. A Fourier transform converts a signal from time to frequency domain — it's a very common way to extract features from audio signals or other time series such as sensor data."
200,ML,Medium,"What is deep learning, and how does it contrast with other machine learning algorithms?","Deep learning is a subset of machine learning that is concerned with neural networks: how to use backpropagation and certain principles from neuroscience to more accurately model large sets of unlabelled or semi-structured data. In that sense, deep learning represents an unsupervised learning algorithm that learns representations of data through the use of neural nets."
201,ML,Hard,What's the difference between a generative and discriminative model?,A generative model will learn categories of data while a discriminative model will simply learn the distinction between different categories of data. Discriminative models will generally outperform generative models on classification tasks.
202,ML,Hard,What cross-validation technique would you use on a time series dataset?,"Instead of using standard k-folds cross-validation, you have to pay attention to the fact that a time series is inherently ordered by chronological order. You'll want to do something like forward chaining where you'll model on past data then look at forward-facing data: fold 1: training [1], test [2]; fold 2: training [1 2], test [3]; fold 3: training [1 2 3], test [4]; fold 4: training [1 2 3 4], test [5]; fold 5: training [1 2 3 4 5], test [6]."
203,ML,Hard,How is a decision tree pruned?,"Pruning is what happens in decision trees when branches that have weak predictive power are removed in order to reduce the complexity of the model and increase the predictive accuracy. Pruning can happen bottom-up and top-down, with approaches such as reduced error pruning and cost complexity pruning."
204,ML,Medium,"Which is more important to you — model accuracy, or model performance?","Model accuracy is only a subset of model performance, and at that, a sometimes misleading one. For example, if you wanted to detect fraud in a massive dataset, a more accurate model would most likely predict no fraud at all if only a vast minority of cases were fraud — which would be useless for a predictive model."
205,ML,Medium,What's the F1 score? How would you use it?,"The F1 score is a measure of a model's performance. It is a weighted average of the precision and recall of a model, with results tending to 1 being the best, and those tending to 0 being the worst. You would use it in classification tests where true negatives don't matter much."
206,ML,Medium,How would you handle an imbalanced dataset?,1. Collect more data to even the imbalances in the dataset. 2. Resample the dataset to correct for imbalances. 3. Try a different algorithm altogether on your dataset.
207,ML,Medium,When should you use classification over regression?,"Classification produces discrete values and datasets to strict categories, while regression gives you continuous results. Use classification when you want your results to reflect the belongingness of data points to certain explicit categories."
208,ML,Medium,Name an example where ensemble techniques might be useful.,"Ensemble techniques use a combination of learning algorithms to optimize better predictive performance. They typically reduce overfitting and make the model more robust. Methods include bagging, boosting, and a bucket of models approach."
209,ML,Medium,What evaluation approaches would you work to gauge the effectiveness of a machine learning model?,"First split the dataset into training and test sets, or use cross-validation techniques. Then implement a choice selection of performance metrics such as the F1 score, accuracy, and the confusion matrix — chosen based on the nature of the problem."
210,ML,Hard,What's the 'kernel trick' and how is it useful?,"The Kernel trick involves kernel functions that can enable in higher-dimension spaces without explicitly calculating the coordinates of points within that dimension: instead, kernel functions compute the inner products between the images of all pairs of data in a feature space. This allows them the very useful attribute of calculating the coordinates of higher dimensions while being computationally cheaper thanthe explicit calculation of said coordinates. Many algorithms can be expressed in terms of inner products.Using the kernel trick enables us effectively run algorithms in a high-dimensional space with lower-dimensional data."
211,ML,Easy,Name and define techniques used to find similarities in the recommendation system.,Pearson correlation and Cosine correlation are techniques used to find similarities in recommendation systems.
212,ML,Hard,State the limitations of Fixed Basis Function.,"Linear separability in feature space doesn’t imply linear separability in input space. So, Inputs are non-linearly transformed using vectors of basic functions with increased dimensionality. Limitations of Fixed basis functions are: - Non-Linear transformations cannot remove overlap between two classes but they can increase overlap. - Often it is not clear which basis functions are the best fit for a given task. So, learning the basic functions can be useful over using fixed basis functions. - If we want to use only fixed ones, we can use a lot of them and let the model figure out the best fit but that would lead to overfitting the model thereby making it unstable."
213,ML,Medium,Define and explain the concept of Inductive Bias with some examples.,"Inductive Bias is a set of assumptions that humans use to predict outputs given inputs that the learning algorithm has not encountered yet. When we are trying to learn Y from X and the hypothesis space for Y is infinite, we need to reduce the scope by our beliefs/assumptions about the hypothesis space which is also called inductive bias. Through these assumptions, we constrain our hypothesis space and also get the capability to incrementally test and improve on the data using hyper-parameters. Examples: - We assume that Y varies linearly with X while applying Linear regression. - We assume that there exists a hyperplane separating negative and positive examples."
214,ML,Medium,Explain the term instance-based learning.,Instance Based Learning is a set of procedures for regression and classification which produce a class label prediction based on resemblance to its nearest neighbors in the training data set. These algorithms just collects all the data and get an answer when required or queried. In simple words they are a set of procedures for solving new problems based on the solutions of already solved problems in the past which are similar to the current problem.
215,ML,Easy,"Keeping train and test split criteria in mind, is it good to perform scaling before the split or after the split?","Scaling should be done post-train and test split ideally. If the data is closely packed, then scaling post or pre-split should not make much difference."
216,ML,Medium,List the advantages and limitations of the Temporal Difference Learning Method.,Temporal Difference Learning Method is a mix of Monte Carlo method and Dynamic programming method. Some of the advantages of this method include: - It can learn in every step online or offline. - It can learn from a sequence which is not complete as well. - It can work in continuous environments. - It has lower variance compared to MC method and is more efficient than MC method. Limitations of TD method are: - It is a biased estimation. - It is more sensitive to initialization.
217,ML,Medium,What is the difference between a generative and discriminative model?,"A generative model learns the different categories of data. On the other hand, a discriminative model will only learn the distinctions between different categories of data. Discriminative models perform much better than the generative models when it comes to classification tasks."
218,ML,Medium,How is PCA different from LDA?,Ans. PCA is unsupervised. LDA is unsupervised. PCA takes into consideration the variance. LDA takes into account the distribution of classes.
219,ML,Easy,What distance metrics can be used in KNN?,Ans. Following distance metrics can be used in KNN. - Manhattan - Minkowski - Tanimoto - Jaccard - Mahalanobis
220,ML,Easy,Which metrics can be used to measure correlation of categorical data?,Ans. Chi square test can be used for doing so. It gives the measure of correlation between categorical predictors.
221,ML,Medium,Which algorithm can be used in value imputation in both categorical and continuous categories of data?,Ans. KNN is the only algorithm that can be used for imputation of both categorical and continuous variables.
222,ML,Medium,When should ridge regression be preferred over lasso?,Ans. We should use ridge regression when we want to use all predictors and not remove any as it reduces the coefficient values but does not nullify them.
223,ML,Easy,Which algorithms can be used for important variable selection?,"Ans. Random Forest, Xgboost and plot variable importance charts can be used for variable selection."
224,ML,Easy,What ensemble technique is used by Random forests?,Ans. Bagging is the technique used by Random Forests. Random forests are a collection of trees which work on sampled data from the original dataset with the final prediction being a voted average of all trees.
225,ML,Easy,What ensemble technique is used by gradient boosting trees?,Ans. Boosting is the technique used by GBM.
226,ML,Medium,If we have a high bias error what does it mean? How to treat it?,Ans. High bias error means that that model we are using is ignoring all the important trends in the model and the model is underfitting. To reduce underfitting: - We need to increase the complexity of the model - Number of features need to be increased Sometimes it also gives the impression that the data is noisy. Hence noise from data should be removed so that most important signals are found by the model to make effective predictions. Increasing the number of epochs results in increasing the duration of training of the model. It’s helpful in reducing the error.
227,ML,Medium,Which type of sampling is better for a classification model and why?,"Ans. Stratified sampling is better in case of classification problems because it takes into account the balance of classes in train and test sets. The proportion of classes is maintained and hence the model performs better. In case of random sampling of data, the data is divided into two parts without taking into consideration the balance classes in the train and test sets. Hence some classes might be present only in tarin sets or validation sets. Hence the results of the resulting model are poor in this case."
228,ML,Medium,What is a good metric for measuring the level of multicollinearity?,"Ans. VIF or 1/tolerance is a good measure of measuring multicollinearity in models. VIF is the percentage of the variance of a predictor which remains unaffected by other predictors. So higher the VIF value, greater is the multicollinearity amongst the predictors. A rule of thumb for interpreting the variance inflation factor: - 1 = not correlated. - Between 1 and 5 = moderately correlated. - Greater than 5 = highly correlated."
229,ML,Medium,When can be a categorical value treated as a continuous variable and what effect does it have when done so?,Ans. A categorical predictor can be treated as a continuous one when the nature of data points it represents is ordinal. If the predictor variable is having ordinal data then it can be treated as continuous and its inclusion in the model increases the performance of the model.
230,ML,Hard,What is the role of maximum likelihood in logistic regression.,Ans. Maximum likelihood equation helps in estimation of most probable values of the estimator’s predictor variable coefficients which produces results which are the most likely or most probable and are quite close to the truth values.
231,ML,Medium,Which distance do we measure in the case of KNN?,Ans. The hamming distance is measured in case of KNN for the determination of nearest neighbours. Kmeans uses euclidean distance.
232,ML,Easy,What is a pipeline?,Ans. A pipeline is a sophisticated way of writing software such that each intended action while building a model can be serialized and the process calls the individual functions for the individual tasks. The tasks are carried out in sequence for a given sequence of data points and the entire process can be run onto n threads by use of composite estimators in scikit learn.
233,ML,Medium,Which sampling technique is most suitable when working with time-series data?,Ans. We can use a custom iterative sampling such that we continuously add samples to the train set. We only should keep in mind that the sample used for validation should be added to the next train sets and a new sample is used for validation.
234,ML,Easy,What are the benefits of pruning?,Ans. Pruning helps in the following: - Reduces overfitting - Shortens the size of the tree - Reduces complexity of the model - Increases bias
235,ML,Easy,What is normal distribution?,"Ans. The distribution having the below properties is called normal distribution. - The [mean, mode and median](https://www.statisticshowto.com/probability-and-statistics/statistics-definitions/mean-median-mode/) are all equal. - The curve is symmetric at the center (i.e. around the mean, μ). - Exactly half of the values are to the left of center and exactly half the values are to the right. - The total area under the curve is 1."
236,ML,Easy,What is the 68 per cent rule in normal distribution?,Ans. The normal distribution is a bell-shaped curve. Most of the data points are around the median. Hence approximately 68 per cent of the data is around the median. Since there is no skewness and its bell-shaped.
237,ML,Medium,What is a chi-square test?,Ans. A chi-square determines if a sample data matches a population. A chi-square test for independence compares two variables in a contingency table to see if they are related. A very small chi-square test statistics implies observed data fits the expected data extremely well.
238,ML,Easy,What is a random variable?,Ans. A Random Variable is a set of possible values from a random experiment. Example: Tossing a coin: we could get Heads or Tails. Rolling of a dice: we get 6 values
239,ML,Medium,What is the degree of freedom?,Ans. It is the number of independent values or quantities which can be assigned to a statistical distribution. It is used in Hypothesis testing and chi-square test.
240,ML,Easy,Which kind of recommendation system is used by amazon to recommend similar items?,Ans. Amazon uses a collaborative filtering algorithm for the recommendation of similar items. It’s a user to user similarity based mapping of user likeness and susceptibility to buy.
241,ML,Easy,What is a false positive?,"Ans. It is a test result which wrongly indicates that a particular condition or attribute is present. Example – “Stress testing, a routine diagnostic tool used in detecting heart disease, results in a significant number of false positives in women”"
242,ML,Easy,What is a false negative?,Ans. A test result which wrongly indicates that a particular condition or attribute is absent. Example – “it’s possible to have a false negative—the test says you aren’t pregnant when you are”
243,ML,Medium,What is the error term composed of in regression?,Ans. Error is a sum of bias error+variance error+ irreducible error in regression. Bias and variance error can be reduced but not the irreducible error.
244,ML,Easy,Which performance metric is better R2 or adjusted R2?,Ans. Adjusted R2 because the performance of predictors impacts it. R2 is independent of predictors and shows performance improvement through increase if the number of predictors is increased.
245,ML,Medium,What’s the difference between Type I and Type II error?,"Type I and Type II error in machine learning refers to false values. Type I is equivalent to a False positive while Type II is equivalent to a False negative. In Type I error, a hypothesis which ought to be accepted doesn’t get accepted. Similarly, for Type II error, the hypothesis gets rejected which should have been accepted in the first place."
246,ML,Medium,What do you understand by L1 and L2 regularization?,"L2 regularization: It tries to spread error among all the terms. L2 corresponds to a Gaussian prior. L1 regularization: It is more binary/sparse, with many variables either being assigned a 1 or 0 in weighting. L1 corresponds to setting a Laplacean prior on the terms."
247,ML,Medium,"Which one is better, Naive Bayes Algorithm or Decision Trees?","Although it depends on the problem you are solving, but some general advantages are following: Naive Bayes: - Work well with small dataset compared to DT which need more data - Lesser overfitting - Smaller in size and faster in processing Decision Trees: - Decision Trees are very flexible, easy to understand, and easy to debug - No preprocessing or transformation of features required - Prone to overfitting but you can use pruning or Random forests to avoid that."
248,ML,Medium,What do you mean by the ROC curve?,"Receiver operating characteristics (ROC curve): ROC curve illustrates the diagnostic ability of a binary classifier. It is calculated/created by plotting True Positive against False Positive at various threshold settings. The performance metric of ROC curve is AUC (area under curve). Higher the area under the curve, better the prediction power of the model."
249,ML,Easy,What do you mean by AUC curve?,"AUC (area under curve). Higher the area under the curve, better the prediction power of the model."
250,ML,Hard,What is log likelihood in logistic regression?,"It is the sum of the likelihood residuals. At record level, the natural log of the error (residual) is calculated for each record, multiplied by minus one, and those values are totaled. That total is then used as the basis for deviance (2 x ll) and likelihood (exp(ll)). The same calculation can be applied to a naive model that assumes absolutely no predictive power, and a saturated model assuming perfect predictions. The likelihood values are used to compare different models, while the deviances (test, naive, and saturated) can be used to determine the predictive power and accuracy. Logistic regression accuracy of the model will always be 100 percent for the development data set, but that is not the case once a model is applied to another data set."
251,ML,Medium,How would you evaluate a logistic regression model?,"Model Evaluation is a very important part in any analysis to answer the following questions, How well does the model fit the data?, Which predictors are most important?, Are the predictions accurate? So the following are the criterion to access the model performance, 1. Akaike Information Criteria (AIC): In simple terms, AIC estimates the relative amount of information lost by a given model. So the less information lost the higher the quality of the model. Therefore, we always prefer models with minimum AIC. 2. Receiver operating characteristics (ROC curve): ROC curve illustrates the diagnostic ability of a binary classifier. It is calculated/ created by plotting True Positive against False Positive at various threshold settings. The performance metric of ROC curve is AUC (area under curve). Higher the area under the curve, better the prediction power of the model. 3. Confusion Matrix: In order to find out how well the model does in predicting the target variable, we use a confusion matrix/ classification rate. It is nothing but a tabular representation of actual Vs predicted values which helps us to find the accuracy of the model."
252,ML,Hard,What are the advantages of SVM algorithms?,SVM algorithms have basically advantages in terms of complexity. First I would like to clear that both Logistic regression as well as SVM can form non linear decision surfaces and can be coupled with the kernel trick. If Logistic regression can be coupled with kernel then why use SVM? ● SVM is found to have better performance practically in most cases. ● SVM is computationally cheaper O(N^2K) where K is no of support vectors (support vectors are those points that lie on the class margin) where as logistic regression is O(N^3) ● Classifier in SVM depends only on a subset of points . Since we need to maximize distance between closest points of two classes (aka margin) we need to care about only a subset of points unlike logistic regression.
253,ML,Medium,Why does XGBoost perform better than SVM?,"First reason is that XGBoos is an ensemble method that uses many trees to make a decision so it gains power by repeating itself. SVM is a linear separator, when data is not linearly separable SVM needs a Kernel to project the data into a space where it can separate it, there lies its greatest strength and weakness, by being able to project data into a high dimensional space SVM can find a linear separation for almost any data but at the same time it needs to use a Kernel and we can argue that there’s not a perfect kernel for every dataset."
254,ML,Hard,What is the difference between SVM Rank and SVR (Support Vector Regression)?,"One is used for ranking and the other is used for regression. There is a crucial difference between regression and ranking. In regression, the absolute value is crucial. A real number is predicted. In ranking, the only thing of concern is the ordering of a set of examples. We only want to know which example has the highest rank, which one has the second-highest, and so on. From the data, we only know that example 1 should be ranked higher than example 2, which in turn should be ranked higher than example 3, and so on. We do not know by how much example 1 is ranked higher than example 2, or whether this difference is bigger than the difference between examples 2 and 3."
255,ML,Hard,What is the difference between the normal soft margin SVM and SVM with a linear kernel?,"Hard-margin You have the basic SVM – hard margin. This assumes that data is very well behaved, and you can find a perfect classifier – which will have 0 error on train data. Soft-margin Data is usually not well behaved, so SVM hard margins may not have a solution at all. So we allow for a little bit of error on some points. So the training error will not be 0, but average error over all points is minimized. Kernels The above assume that the best classifier is a straight line. But what is it is not a straight line. (e.g. it is a circle, inside a circle is one class, outside is another class). If we are able to map the data into higher dimensions – the higher dimension may give us a straight line."
256,ML,Hard,How is linear classifier relevant to SVM?,"An svm is a type of linear classifier. If you don’t mess with kernels, it’s arguably the most simple type of linear classifier. Linear classifiers (all?) learn linear fictions from your data that map your input to scores like so: scores = Wx + b. Where W is a matrix of learned weights, b is a learned bias vector that shifts your scores, and x is your input data. This type of function may look familiar to you if you remember y = mx + b from high school. A typical svm loss function ( the function that tells you how good your calculated scores are in relation to the correct labels ) would be hinge loss. It takes the form: Loss = sum over all scores except the correct score of max(0, scores – scores(correct class) + 1)."
257,ML,Easy,What are the advantages of using a naive Bayes for classification?,"- Very simple, easy to implement and fast. - If the NB conditional independence assumption holds, then it will converge quicker than discriminative models like logistic regression. - Even if the NB assumption doesn’t hold, it works great in practice. - Need less training data. - Highly scalable. It scales linearly with the number of predictors and data points. - Can be used for both binary and mult-iclass classification problems. - Can make probabilistic predictions. - Handles continuous and discrete data. - Not sensitive to irrelevant features."
258,ML,Medium,Are Gaussian Naive Bayes the same as binomial Naive Bayes?,"Binomial Naive Bayes: It assumes that all our features are binary such that they take only two values. Means 0s can represent “word does not occur in the document” and 1s as “word occurs in the document”. Gaussian Naive Bayes: Because of the assumption of the normal distribution, Gaussian Naive Bayes is used in cases when all our features are continuous. For example in Iris dataset features are sepal width, petal width, sepal length, petal length. So its features can have different values in the data set as width and length can vary. We can’t represent features in terms of their occurrences. This means data is continuous. Hence we use Gaussian Naive Bayes here."
259,ML,Hard,What is the difference between the Naive Bayes Classifier and the Bayes classifier?,"Naive Bayes assumes conditional independence, P(X|Y, Z)=P(X|Z) P(X|Y,Z)=P(X|Z) P(X|Y,Z)=P(X|Z), Whereas more general Bayes Nets (sometimes called Bayesian Belief Networks), will allow the user to specify which attributes are, in fact, conditionally independent. For the Bayesian network as a classifier, the features are selected based on some scoring functions like Bayesian scoring function and minimal description length(the two are equivalent in theory to each other given that there is enough training data). The scoring functions mainly restrict the structure (connections and directions) and the parameters(likelihood) using the data. After the structure has been learned the class is only determined by the nodes in the Markov blanket(its parents, its children, and the parents of its children), and all variables given the Markov blanket are discarded."
260,ML,Easy,In what real world applications is Naive Bayes classifier used?,"Some of real world examples are as given below - To mark an email as spam, or not spam? - Classify a news article about technology, politics, or sports? - Check a piece of text expressing positive emotions, or negative emotions? - Also used for face recognition software"
261,ML,Easy,Is naive Bayes supervised or unsupervised?,"First, Naive Bayes is not one algorithm but a family of Algorithms that inherits the following attributes: 1.Discriminant Functions 2.Probabilistic Generative Models 3.Bayesian Theorem 4.Naive Assumptions of Independence and Equal Importance of feature vectors. Moreover, it is a special type of Supervised Learning algorithm that could do simultaneous multi-class predictions (as depicted by standing topics in many news apps). Since these are generative models, so based upon the assumptions of the random variable mapping of each feature vector these may even be classified as Gaussian Naive Bayes, Multinomial Naive Bayes, Bernoulli Naive Bayes, etc."
262,ML,Medium,What do you understand by Precision and Recall?,"In pattern recognition, The information retrieval and classification in machine learning are part of precision. It is also called as positive predictive value which is the fraction of relevant instances among the retrieved instances. Recall is also known as sensitivity and the fraction of the total amount of relevant instances which were actually retrieved. Both precision and recall are therefore based on an understanding and measure of relevance."
263,ML,Medium,What are ensemble models? Explain how ensemble techniques yield better learning as compared to traditional classification ML algorithms?,"Ensemble is a group of models used together for prediction in classification and regression. Ensemble learning combines several models to improve predictive performance compared to a single model. They reduce variance, average out biases, and reduce chances of overfitting."
264,ML,Medium,What are overfitting and underfitting? Why does the decision tree algorithm often suffer from overfitting?,"Overfitting occurs when a model captures noise in the data, while underfitting occurs when the model fails to capture the underlying pattern. Decision trees overfit because they may perfectly fit training data, creating overly specific branches that do not generalize well."
265,ML,Hard,What is OOB error and how does it occur?,Out-of-Bag (OOB) error is an unbiased estimate of model accuracy in bagging algorithms. It uses the one-third of bootstrap data not used during tree creation for validation.
266,ML,Medium,Why is boosting considered more stable than other ensemble algorithms?,"Boosting focuses on correcting errors from previous iterations, improving model stability and performance over time."
267,ML,Medium,How do you handle outliers in the data?,"Outliers can be handled using techniques such as capping, transformations, removing anomalies, Z-score, IQR, and visualization methods like boxplots and scatter plots."
268,ML,Easy,List popular cross-validation techniques.,"K-Fold, Stratified K-Fold, Leave-One-Out, Bootstrapping, Random Search CV, and Grid Search CV."
269,ML,Medium,Name popular dimensionality reduction algorithms.,Principal Component Analysis (PCA) and Factor Analysis are popular dimensionality reduction algorithms.
270,ML,Medium,How can we use a dataset without a target variable in supervised learning?,"Apply clustering algorithms to generate cluster labels, then use those labels as target variables for supervised learning."
271,ML,Easy,List popular recommendation systems.,"Popularity-based recommendation, content-based recommendation, collaborative filtering, and item-based recommendation systems."
272,ML,Medium,How do recommendation systems handle sparsity issues?,Singular Value Decomposition (SVD) is commonly used to reduce sparsity. RMSE is used to evaluate prediction accuracy.
273,ML,Medium,Explain how a ROC curve works.,ROC curve plots True Positive Rate against False Positive Rate at different thresholds to evaluate classifier performance.
274,ML,Easy,Define precision and recall.,"Precision measures correctly predicted positives among all predicted positives, while recall measures correctly predicted positives among all actual positives."
275,ML,Medium,What are hyperparameters and how are they different from parameters?,"Parameters are learned from data during training, whereas hyperparameters are externally set configurations such as learning rate or number of layers."
276,ML,Hard,What is VC Dimension?,VC Dimension measures the capacity of a classifier by defining the maximum number of points it can shatter correctly.
277,ML,Medium,What are the advantages and disadvantages of neural networks?,Advantages include parallel processing and handling incomplete data. Disadvantages include high computational cost and lack of interpretability.
278,ML,Medium,Explain Eigenvectors and Eigenvalues.,"Eigenvectors represent directions of data transformation, while Eigenvalues represent the magnitude of transformation along those directions."
279,ML,Medium,How would you define the number of clusters in clustering?,The number of clusters can be determined using Silhouette Score or the Elbow Method.
280,ML,Easy,What performance metrics are used for linear regression?,"Mean Squared Error (MSE), R2 Score, Adjusted R2 Score, and Mean Absolute Error (MAE)."
281,ML,Easy,What is the default splitting method in decision trees?,The default splitting method is the Gini Index.
282,ML,Medium,How is p-value useful?,P-value helps determine the statistical significance of results and the confidence of a model.
283,ML,Medium,How do you deal with multicollinearity?,Remove highly correlated variables or use PCA or Partial Least Squares Regression.
284,ML,Medium,What is heteroscedasticity?,Heteroscedasticity occurs when variance of errors differs across predictor values.
285,ML,Medium,How do you handle class imbalance?,"Use class weights, sampling techniques, SMOTE, or specialized loss functions like Focal Loss."
286,ML,Easy,What is the role of cross-validation?,Cross-validation improves model reliability by evaluating performance on multiple train-test splits.
287,ML,Medium,What is a voting model?,A voting model is an ensemble approach that combines predictions from multiple classifiers and selects the majority output.
288,ML,Medium,What are the hyperparameters of an SVM?,"Kernel type, gamma value, and regularization parameter C are important SVM hyperparameters."
289,ML,Easy,What is Pandas Profiling?,Pandas Profiling generates detailed statistics and summaries for exploratory data analysis.
290,ML,Medium,What impact does correlation have on PCA?,"Highly correlated variables reduce effective variance, making PCA less effective."
291,ML,Medium,Differentiate between boosting and bagging.,"Bagging reduces variance using parallel models, while boosting reduces bias using sequential learning."
292,ML,Hard,What is the significance of Gamma and Regularization in SVM?,"Gamma controls the influence range of support vectors, while regularization balances margin maximization and misclassification."
293,ML,Medium,What is Bayes’ Theorem?,Bayes’ Theorem describes the probability of an event based on prior knowledge of related conditions.
294,ML,Easy,What is Naive Bayes? Why is it called naive?,Naive Bayes is a probabilistic classifier based on Bayes’ Theorem. It is called naive because it assumes feature independence.
295,ML,Medium,Explain the difference between Lasso and Ridge Regression.,"Lasso uses L1 regularization and can shrink coefficients to zero, while Ridge uses L2 regularization and distributes error across coefficients."
296,ML,Medium,Why is pruning important in decision trees?,"Pruning reduces overfitting, decreases model complexity, and improves generalization."
297,ML,Hard,How would you implement a recommendation system for our company’s users?,"I would first understand the company, users, products, and revenue drivers, then collect user interaction data and item features. I would build a baseline, test content-based, collaborative filtering, or hybrid models, evaluate them with suitable metrics, and monitor the system after deployment."
298,ML,Medium,How can we use your machine learning skills to generate revenue?,"Machine learning can generate revenue by improving recommendations, personalization, customer retention, marketing targeting, pricing, fraud detection, and operational efficiency. The answer should connect the ML solution directly to the company’s business goals."
299,ML,Medium,What do you think of our current data process?,"I would first understand the current pipeline, data quality, storage, governance, and business needs. Then I would give constructive feedback focused on reliability, scalability, automation, and better decision-making."
300,ML,Hard,How would you approach the Netflix Prize competition?,I would approach it as a recommendation problem using collaborative filtering and matrix factorization. I would compare several models and combine strong methods in an ensemble to improve prediction accuracy.
301,ML,Easy,Where do you usually source datasets?,"Machine learning interview questions like these try to get at the heart of your machine learning interest. Somebody who is truly passionate about machine learning will have gone off and done side projects on their own, and have a good idea of what great datasets are out there. If you’re missing any, check out Quandl for economic and financial data, and Kaggle’s Datasets collection for another great list."
302,ML,Hard,How do you think Google is training data for self-driving cars?,"Machine learning interview questions like this one really test your knowledge of different machine learning methods, and your inventiveness if you don’t know the answer. Google is currently using recaptcha to source labelled data on storefronts and traffic signs. They are also building on training data collected by Sebastian Thrun at GoogleX — some of which was obtained by his grad students driving buggies on desert dunes!"
303,ML,Hard,How would you simulate the approach AlphaGo took to beat Lee Sedol at Go?,"I would combine supervised learning from expert games, reinforcement learning through self-play, and Monte Carlo Tree Search. Neural networks would estimate strong moves and board positions."
304,ML,Easy,"Explain the terms Artificial Intelligence, Machine Learning, and Deep Learning.","Artificial Intelligence is the broad field of making machines behave intelligently. Machine Learning is a subset of AI where systems learn from data, and Deep Learning is a subset of ML that uses neural networks, especially for large and complex datasets."
305,ML,Easy,What are the different types of learning or training models in ML?,"ML algorithms can be primarily classified depending on the presence/absence of target variables. The main types are supervised learning, unsupervised learning, and reinforcement learning."
306,ML,Medium,What is the difference between deep learning and machine learning?,"Machine Learning involves algorithms that learn from patterns of data and then apply it to decision making. Deep Learning, on the other hand, is able to learn through processing data on its own and is quite similar to the human brain where it identifies something, analyse it, and makes a decision."
307,ML,Easy,What is the main key difference between supervised and unsupervised machine learning?,"Supervised learning technique needs labeled data to train the model. For example, to solve a classification problem (a supervised learning task), you need to have label data to train the model and to classify the data into your labeled groups. Unsupervised learning does not need any labelled dataset. This is the main key difference between supervised learning and unsupervised learning."
308,ML,Medium,How do you select important variables while working on a data set?,"There are various means to select important variables from a data set that include: Identify and discard correlated variables before finalizing on important variables, The variables could be selected based on ‘p’ values from Linear Regression, Forward, Backward, and Stepwise selection, Lasso Regression, Random Forest and plot variable chart and Top features can be selected based on information gain for the available set of features."
309,ML,Medium,"There are many machine learning algorithms till now. If given a data set, how can one determine which algorithm to be used for that?","Machine Learning algorithm to be used purely depends on the type of data in a given dataset. If data is linear then, we use linear regression. If data shows non-linearity then, the bagging algorithm would do better. If the data is to be analyzed/interpreted for some business purposes then we can use decision trees or SVM. If the dataset consists of images, videos, audios then, neural networks would be helpful to get the solution accurately. So, there is no certain metric to decide which algorithm to be used for a given situation or a data set. We need to explore the data using EDA (Exploratory Data Analysis) and understand the purpose of using the dataset to come up with the best fit algorithm. So, it is important to study all the algorithms in detail."
310,ML,Medium,How are covariance and correlation different from one another?,"Covariance measures how two variables are related to each other and how one would vary with respect to changes in the other variable. If the value is positive it means there is a direct relationship between the variables and one would increase or decrease with an increase or decrease in the base variable respectively, given that all other conditions remain constant. Correlation quantifies the relationship between two random variables and has only three specific values, i.e., 1, 0, and -1. 1 denotes a positive relationship, -1 denotes a negative relationship, and 0 denotes that the two variables are independent of each other."
311,ML,Easy,State the differences between causality and correlation.,"C Causality applies to situations where one action, say X, causes an outcome, say Y, whereas Correlation is just relating one action (X) to another action(Y) but X does not necessarily cause Y."
312,ML,Medium,How do we apply Machine Learning to hardware?,We have to build ML algorithms in System Verilog which is a Hardware development Language and then program it onto an FPGA to apply Machine Learning to hardware.
313,ML,Medium,Explain One-hot encoding and Label Encoding. How do they affect dimensionality?,"One-hot encoding is the representation of categorical variables as binary vectors. Label Encoding is converting labels/words into numeric form. Using one-hot encoding increases the dimensionality of the data set. Label encoding doesn’t affect the dimensionality of the data set. One-hot encoding creates a new variable for each level in the variable whereas, in Label encoding, the levels of a variable get encoded as 1 and 0."
314,ML,Medium,A data set has missing values spread along one standard deviation from the mean. How much data would remain untouched?,"It is given that the data is spread across mean that is the data is spread across an average. So, we can presume that it is a normal distribution. In a normal distribution, about 68% of data lies in 1 standard deviation from averages like mean, mode or median. That means about 32% of the data remains uninfluenced by missing values."
315,ML,Easy,Is a high variance in data good or bad?,"High variance means data values are widely spread. It can be useful for information but is often problematic because it may indicate instability, noise, or risk of overfitting."
316,ML,Medium,"If your dataset is suffering from high variance, how would you handle it?","For datasets with high variance, we could use the bagging algorithm to handle it. Bagging algorithm splits the data into subgroups with sampling replicated from random data. After the data is split, random data is used to create rules using a training algorithm. Then we use polling technique to combine all the predicted outcomes of the model."
317,ML,Hard,A fraud detection classifier achieved 98.5% accuracy. Is this a good model?,"Not necessarily, because fraud datasets are usually imbalanced. Accuracy may be misleading, so metrics such as recall, precision, F1-score, ROC-AUC, and class-wise performance should be checked. Resampling, threshold tuning, class weights, or anomaly detection can help."
318,ML,Medium,Explain the handling of missing or corrupted values in a dataset.,"Missing or corrupted values can be handled by removing affected rows or columns, imputing values using mean, median, mode, or model-based methods, and using pandas functions such as isnull, dropna, and fillna."
319,ML,Easy,What is Time series?,"A Time series is a sequence of numerical data points in successive order. It tracks the movement of the chosen data points, over a specified period of time and records the data points at regular intervals. Time series doesn’t require any minimum or maximum time input. Analysts often use Time series to examine data according to their specific requirement."
320,ML,Hard,What is a Box-Cox transformation?,Box-Cox transformation is a power transform which transforms non-normal dependent variables into normal variables as normality is the most common assumption made while using many statistical techniques. It has a lambda parameter which when set to 0 implies that this transform is equivalent to log-transform. It is used for variance stabilization and also to normalize the distribution.
321,ML,Medium,What is the difference between stochastic gradient descent and gradient descent?,"Gradient Descent and Stochastic Gradient Descent are the algorithms that find the set of parameters that will minimize a loss function. The difference is that in Gradient Descend, all training samples are evaluated for each set of parameters. While in Stochastic Gradient Descent only one training sample is evaluated for the set of parameters identified."
322,ML,Hard,What is the exploding gradient problem while using backpropagation?,"When large error gradients accumulate and result in large changes in the neural network weights during training, it is called the exploding gradient problem. The values of weights can become so large as to overflow and result in NaN values. This makes the model unstable and the learning of the model to stall just like the vanishing gradient problem."
323,ML,Medium,Can you mention some advantages and disadvantages of decision trees?,"The advantages of decision trees are that they are easier to interpret, are nonparametric and hence robust to outliers, and have relatively few parameters to tune. On the other hand, the disadvantage is that they are prone to overfitting."
324,ML,Hard,Explain the differences between Random Forest and Gradient Boosting machines.,Random forests are a significant number of decision trees pooled using averages or majority rules at the end. Gradient boosting machines also combine decision trees but at the beginning of the process unlike Random forests. Random forest creates each tree independent of the others while gradient boosting develops one tree at a time. Gradient boosting yields better outcomes than random forests if parameters are carefully tuned but it’s not a good option if the data set contains a lot of outliers/anomalies/noise as it can result in overfitting of the model.Random forests perform well for multiclass object detection. Gradient Boosting performs well when there is data which is not balanced such as in real time risk assessment.
325,ML,Medium,What is a confusion matrix and why do you need it?,Confusion matrix (also called the error matrix) is a table that is frequently used to illustrate the performance of a classification model i.e. classifier on a set of test data for which the true values are well-known. It allows us to visualize the performance of an algorithm/model. It allows us to easily identify the confusion between different classes. It is used as a performance measure of a model/algorithm. A confusion matrix is known as a summary of predictions on a classification model. The number of right and wrong predictions were summarized with count values and broken down by each class label. It gives us information about the errors made through the classifier and also the types of errors made by a classifier.
326,ML,Hard,What is Principal Component Analysis?,The idea here is to reduce the dimensionality of the data set by reducing the number of variables that are correlated with each other. Although the variation needs to be retained to the maximum extent. The variables are transformed into a new set of variables that are known as Principal Components’. These PCs are the eigenvectors of a covariance matrix and therefore are orthogonal.
327,ML,Easy,Explain the difference between Normalization and Standardization.,"Normalization and Standardization are the two very popular methods used for feature scaling. Normalization refers to re-scaling the values to fit into a range of [0,1]. Standardization refers to re-scaling data to have a mean of 0 and a standard deviation of 1 (Unit variance). Normalization is useful when all parameters need to have the identical positive scale however the outliers from the data set are lost. Hence, standardization is recommended for most applications."
328,ML,Easy,Differentiate between regression and classification.,Regression and classification are categorized under the same umbrella of supervised machine learning. The main difference between them is that the output variable in the regression is numerical (or continuous) while that for classification is categorical (or discrete). Example: To predict the definite Temperature of a place is Regression problem whereas predicting whether the day will be Sunny cloudy or there will be rain is a case of classification.
329,ML,Medium,List all assumptions to be met before starting linear regression.,"Before starting linear regression, the assumptions to be met are as follow: Linear relationship Multivariate normality No or little multicollinearity No auto-correlation Homoscedasticity"
330,ML,Medium,When does the linear regression line stop rotating or find the optimal fit?,"A place where the highest RSquared value is found, is the place where the line comes to rest. RSquared represents the amount of variance captured by the virtual linear regression line with respect to the total variance captured by the dataset."
331,ML,Medium,Why is logistic regression a type of classification technique and not a regression? Name the function it is derived from?,"Since the target column is categorical, it uses linear regression to create an odd function that is wrapped with a log function to use regression as a classifier. Hence, it is a type of classification technique and not a regression. It is derived from cost function."
332,ML,Easy,Which machine learning algorithm is known as the lazy learner and why?,"KNN is a Machine Learning algorithm known as a lazy learner. K-NN is a lazy learner because it doesn’t learn any machine learnt values or variables from the training data but dynamically calculates distance every time it wants to classify, hence memorises the training dataset instead."
333,ML,Medium,How can we use a dataset without a target variable in supervised learning algorithms?,"Input the data set into a clustering algorithm, generate optimal clusters, label the cluster numbers as the new target variable. Now, the dataset has independent and target variables present. This ensures that the dataset is ready to be used in supervised learning algorithms."
334,ML,Medium,List all types of popular recommendation systems? Name and explain two personalized recommendation systems along with their ease of implementation.,"Popularity based recommendation, content-based recommendation, user-based collaborative filter, and item-based recommendation are the popular types of recommendation systems. Personalised Recommendation systems are- Content-based recommendation, user-based collaborative filter, and item-based recommendation. User-based collaborative filter and item-based recommendations are more personalised. Ease to maintain: Similarity matrix can be maintained easily with Item-based recommendation."
335,ML,Easy,What Are the Three Stages of Building a Model in Machine Learning?,"To build a model in machine learning, you need to follow few steps: - Understand the business model - Data acquisitions - Data cleaning - Exploratory data analysis - Use machine learning algorithms to make a model - Use unknown dataset to check the accuracy of the model"
336,ML,Medium,How Do You Design an Email Spam Filter in Machine Learning?,"- Understand the business model: Try to understand the related attributes for the spam mail - Data acquisitions: Collect the spam mail to read the hidden pattern from them - Data cleaning: Clean the unstructured or semi structured data - Exploratory data analysis: Use statistical concepts to understand the data like spread, outlier, etc. - Use machine learning algorithms to make a model: can use naive bayes or some other algorithms as well - Use unknown dataset to check the accuracy of the model"
337,ML,Hard,What is Kernel SVM?,SVM algorithms have basically advantages in terms of complexity. First I would like to clear that both Logistic regression as well as SVM can form non linear decision surfaces and can be coupled with the kernel trick. If Logistic regression can be coupled with kernel then why use SVM? ● SVM is found to have better performance practically in most cases. ● SVM is computationally cheaper O(N^2K) where K is no of support vectors (support vectors are those points that lie on the class margin) where as logistic regression is O(N^3) ● Classifier in SVM depends only on a subset of points . Since we need to maximize distance between closest points of two classes (aka margin) we need to care about only a subset of points unlike logistic regression.
338,ML,Medium,What is the process of carrying out a linear regression?,"Linear Regression Analysis consists of more than just fitting a linear line through a cloud of data points. It consists of 3 stages– (1) analyzing the correlation and directionality of the data, (2) estimating the model, i.e., fitting the line, (3) evaluating the validity and usefulness of the model."
339,NLP,Easy,What do you understand by Natural Language Processing?,Natural Language Processing is a field of computer science that deals with communication between computer systems and humans. It is a technique used in Artificial Intelligence and Machine Learning. It is used to create automated software that helps understand human spoken languages to extract useful information from the data it gets in the form of audio. Techniques in NLP allow computer systems to process and interpret data in the form of natural languages.
340,NLP,Hard,What are stop words?,"Stop words are said to be useless data for a search engine. Words such as articles, prepositions, etc. are considered as stop words. There are stop words such as was, were, is, am, the, a, an, how, why, and many more. In Natural Language Processing, we eliminate the stop words to understand and analyze the meaning of a sentence. The removal of stop words is one of the most important tasks for search engines. Engineers design the algorithms of search engines in such a way that they ignore the use of stop words. This helps show the relevant search result for a query."
341,NLP,Hard,What is TF-IDF?,"TFIDF or Term Frequency-Inverse Document Frequency indicates the importance of a word in a set. It helps in information retrieval with numerical statistics. For a specific document, TF-IDF shows a frequency that helps identify the keywords in a document. The major use of TF-IDF in NLP is the extraction of useful information from crucial documents by statistical data. It is ideally used to classify and summarize the text in documents and filter out stop words. TF helps calculate the ratio of the frequency of a term in a document and the total number of terms. Whereas, IDF denotes the importance of the term in a document."
342,NLP,Easy,What is Syntactic Analysis?,"Syntactic analysis is a technique of analyzing sentences to extract meaning from it. Using syntactic analysis, a machine can analyze and understand the order of words arranged in a sentence. NLP employs grammar rules of a language that helps in the syntactic analysis of the combination and order of words in documents."
343,NLP,Medium,What is Semantic Analysis?,"Semantic analysis helps make a machine understand the meaning of a text. It uses various algorithms for the interpretation of words in sentences. It also helps understand the structure of a sentence. Techniques used for semantic analysis are as given below: Named entity recognition: This is the process of information retrieval that helps identify entities such as the name of a person, organization, place, time, emotion, etc.Word sense disambiguation: It helps identify the sense of a word used in different sentences. Natural language generation: It is a process used by the software to convert the structured data into human spoken languages. By using NLG, organizations can automate content for custom reports."
344,NLP,Medium,What is NLTK?,"NLTK is a Python library, which stands for Natural Language Toolkit. We use NLTK to process data in human spoken languages. NLTK allows us to apply techniques such as parsing, tokenization, lemmatization, stemming, and more to understand natural languages. It helps in categorizing text, parsing linguistic structure, analyzing documents, etc. A few of the libraries of the NLTK package that we often use in NLP are: SequentialBackoffTagger DefaultTagger UnigramTagger treebank wordnet FreqDist patterns RegexpTagger backoff_tagger UnigramTagger, BigramTagger, and TrigramTagger"
345,NLP,Easy,How to tokenize a sentence using the nltk package?,Tokenization is a process used in NLP to split a sentence into tokens. Sentence tokenization refers to splitting a text or paragraph into sentences.
346,NLP,Medium,Explain how we can do parsing.,"Parsing is the method to identify and understand the syntactic structure of a text. It is done by analyzing the individual elements of the text. The machine parses the text one word at a time, then two at a time, further three, and so on. When the machine parses the text one word at a time, then it is a unigram. When the text is parsed two words at a time, it is a bigram. The set of words is a trigram when the machine parses three words at a time. Look at the below diagram to understand unigram, bigram, and trigram. Now, let’s implement parsing with the help of the nltk package."
347,NLP,Medium,Explain Stemming with the help of an example.,"In Natural Language Processing, stemming is the method to extract the root word by removing suffixes and prefixes from a word. For example, we can reduce ‘stemming’ to ‘stem’ by removing ‘m’ and ‘ing.’ We use various algorithms for implementing stemming, and one of them is PorterStemmer. First, we will import PorterStemmer from the nltk package. from nltk.stem import PorterStemmer Creating an object for PorterStemmer pst=PorterStemmer() pst.stem(“running”), pst.stem(“cookies”), pst.stem(“flying”) Output: (‘run’, ‘cooki', ‘fly’ )"
348,NLP,Easy,What is Parts-of-speech Tagging?,"The parts-of-speech (POS) tagging is used to assign tags to words such as nouns, adjectives, verbs, and more. The software uses the POS tagging to first read the text and then differentiate the words by tagging. The software uses algorithms for the parts-of-speech tagging. POS tagging is one of the most essential tools in Natural Language Processing. It helps in making the machine understand the meaning of a sentence. We will look at the implementation of the POS tagging using stop words."
349,NLP,Easy,How to check word similarity using the spacy package?,"To find out the similarity among words, we use word similarity. We evaluate the similarity with the help of a number that lies between 0 and 1. We use the spacy library to implement the technique of word similarity."
350,NLP,Hard,Define the terminology in NLP.,"This is one of the most often asked NLP interview questions. The interpretation of Natural Language Processing depends on various factors, and they are: Weights and Vectors Use of TF-IDF for information retrieval Length (TF-IDF and doc) Google Word Vectors Word Vectors Structure of the Text POS tagging Head of the sentence Named Entity Recognition (NER) Sentiment Analysis Knowledge of the characteristics of sentiment Knowledge about entities and the common dictionary available for sentiment analysis Classification of Text Supervised learning algorithm Training set Validation set Test set Features of the text LDA Machine Reading Removal of possible entities Joining with other entities DBpedia FRED (lib) Pikes"
351,NLP,Medium,What is Latent Semantic Indexing (LSI)?,"Latent semantic indexing is a mathematical technique used to improve the accuracy of the information retrieval process. The design of LSI algorithms allows machines to detect the hidden (latent) correlation between semantics (words). To enhance information understanding, machines generate various concepts that associate with the words of a sentence. The technique used for information understanding is called singular value decomposition. It is generally used to handle static and unstructured data. The matrix obtained for singular value decomposition contains rows for words and columns for documents. This method best suits to identify components and group them according to their types. The main principle behind LSI is that words carry a similar meaning when used in a similar context. Computational LSI models are slow in comparison to other models. However, they are good at contextual awareness that helps improve the analysis and understanding of a text or a document."
352,NLP,Hard,What are Regular Expressions?,"A regular expression is used to match and tag words. It consists of a series of characters for matching strings. Suppose, if A and B are regular expressions, then the following are true for them: If {ɛ} is a regular language, then ɛ is a regular expression for it. If A and B are regular expressions, then A + B is also a regular expression within the language {A, B}. If A and B are regular expressions, then the concatenation of A and B (A.B) is a regular expression. If A is a regular expression, then A* (A occurring multiple times) is also a regular expression."
353,NLP,Hard,What is Regular Grammar?,"Regular grammar is used to represent a regular language. A regular grammar comprises rules in the form of A -> a, A -> aB, and many more. The rules help detect and analyze strings by automated computation. Regular grammar consists of four tuples: ‘N’ is used to represent the non-terminal set. ‘∑’ represents the set of terminals. ‘P’ stands for the set of productions. ‘S € N’ denotes the start of non-terminal."
354,NLP,Easy,Explain Dependency Parsing in NLP.,"Dependency parsing helps assign a syntactic structure to a sentence. Therefore, it is also called syntactic parsing. Dependency parsing is one of the critical tasks in NLP. It allows the analysis of a sentence using parsing algorithms. Also, by using the parse tree in dependency parsing, we can check the grammar and analyze the semantic structure of a sentence. For implementing dependency parsing, we use the spacy package. It implements token properties to operate the dependency parse tree."
355,NLP,Easy,What is the difference between NLP and NLU?,The below table shows the difference between NLP and NLU:
356,NLP,Easy,What is the difference between NLP and CI?,The below table shows the difference between NLP and CI:
357,NLP,Hard,What is Pragmatic Analysis?,Pragmatic analysis is an important task in NLP for interpreting knowledge that is lying outside a given document. The aim of implementing pragmatic analysis is to focus on exploring a different aspect of the document or text in a language. This requires a comprehensive knowledge of the real world. The pragmatic analysis allows software applications for the critical interpretation of the real-world data to know the actual meaning of sentences and words.
358,NLP,Easy,"What are unigrams, bigrams, trigrams, and n-grams in NLP?","When we parse a sentence one word at a time, then it is called a unigram. The sentence parsed two words at a time is a bigram. When the sentence is parsed three words at a time, then it is a trigram. Similarly, n-gram refers to the parsing of n words at a time."
359,NLP,Easy,What are the steps involved in solving an NLP problem?,Below are the steps involved in solving an NLP problem: Gather the text from the available dataset or by web scraping Apply stemming and lemmatization for text cleaning Apply feature engineering techniques Embed using word2vec Train the built model using neural networks or other Machine Learning techniques Evaluate the model’s performance Make appropriate changes in the model Deploy the model
360,NLP,Easy,What is Parsing in the context of NLP?,"Parsing in NLP refers to the understanding of a sentence and its grammatical structure by a machine. Parsing allows the machine to understand the meaning of a word in a sentence and the grouping of words, phrases, nouns, subjects, and objects in a sentence. Parsing helps analyze the text or the document to extract useful insights from it. To understand parsing, refer to the below diagram:"
361,NLP,Hard,What is Feature Extraction in NLP?,"Features or characteristics of a word help in text or document analysis. They also help in sentiment analysis of a text. Feature extraction is one of the techniques that are used by recommendation systems. Reviews such as ‘excellent,’ ‘good,’ or ‘great’ for a movie are positive reviews, recognized by a recommender system. The recommender system also tries to identify the features of the text that help in describing the context of a word or a sentence. Then, it makes a group or category of the words that have some common characteristics. Now, whenever a new word arrives, the system categorizes it as per the labels of such groups."
362,NLP,Easy,What is precision and recall?,"The metrics used to test an NLP model are precision, recall, and F1. Also, we use accuracy for evaluating the model’s performance. The ratio of prediction and the desired output yields the accuracy of the model. Precision is the ratio of true positive instances and the total number of positively predicted instances. Recall is the ratio of true positive instances and the total actual positive instances."
363,NLP,Medium,What is F1 score in NLP?,F1 score evaluates the weighted average of recall and precision. It considers both false negative and false positive instances while evaluating the model. F1 score is more accountable than accuracy for an NLP model when there is an uneven distribution of class. Let us look at the formula for calculating F1 score:
364,NLP,Hard,"What is Naive Bayes algorithm, When we can use this algorithm in NLP?","Naive Bayes algorithm is a collection of classifiers which works on the principles of the Bayes’ theorem. This series of NLP model forms a family of algorithms that can be used for a wide range of classification tasks including sentiment prediction, filtering of spam, classifying documents and more. Naive Bayes algorithm converges faster and requires less training data. Compared to other discriminative models like logistic regression, Naive Bayes model it takes lesser time to train. This algorithm is perfect for use while working with multiple classes and text classification where the data is dynamic and changes frequently."
365,NLP,Hard,Explain Dependency Parsing in NLP?,"Dependency Parsing, also known as Syntactic parsing in NLP is a process of assigning syntactic structure to a sentence and identifying its dependency parses. This process is crucial to understand the correlations between the “head” words in the syntactic structure. The process of dependency parsing can be a little complex considering how any sentence can have more than one dependency parses. Multiple parse trees are known as ambiguities. Dependency parsing needs to resolve these ambiguities in order to effectively assign a syntactic structure to a sentence.Dependency parsing can be used in the semantic analysis of a sentence apart from the syntactic structuring."
366,NLP,Medium,What is text Summarization?,Text summarization is the process of shortening a long piece of text with its meaning and effect intact. Text summarization intends to create a summary of any given piece of text and outlines the main points of the document. This technique has improved in recent times and is capable of summarizing volumes of text successfully. Text summarization has proved to a blessing since machines can summarise large volumes of text in no time which would otherwise be really time-consuming.
367,NLP,Medium,What is NLTK? How is it different from Spacy?,"NLTK or Natural Language Toolkit is a series of libraries and programs that are used for symbolic and statistical natural language processing. This toolkit contains some of the most powerful libraries that can work on different ML techniques to break down and understand human language. NLTK is used for Lemmatization, Punctuation, Character count, Tokenization, and Stemming. The difference between NLTK and Spacey are as follows: While NLTK has a collection of programs to choose from, Spacey contains only the best-suited algorithm for a problem in its toolkit NLTK supports a wider range of languages compared to Spacey (Spacey supports only 7 languages) While Spacey has an object-oriented library, NLTK has a string processing library Spacey can support word vectors while NLTK cannot"
368,NLP,Medium,What is information extraction?,"Information extraction in the context of Natural Language Processing refers to the technique of extracting structured information automatically from unstructured sources to ascribe meaning to it. This can include extracting information regarding attributes of entities, relationship between different entities and more. The various models of information extraction includes: Tagger Module Relation Extraction Module Fact Extraction Module Entity Extraction Module Sentiment Analysis Module Network Graph Module Document Classification & Language Modeling Module"
369,NLP,Hard,What is Bag of Words?,Bag of Words is a commonly used model that depends on word frequencies or occurrences to train a classifier. This model creates an occurrence matrix for documents or sentences irrespective of its grammatical structure or word order.
370,NLP,Easy,What is Pragmatic Ambiguity in NLP?,"Pragmatic ambiguity refers to those words which have more than one meaning and their use in any sentence can depend entirely on the context. Pragmatic ambiguity can result in multiple interpretations of the same sentence. More often than not, we come across sentences which have words with multiple meanings, making the sentence open to interpretation. This multiple interpretation causes ambiguity and is known as Pragmatic ambiguity in NLP."
371,NLP,Easy,What is Masked Language Model?,Masked language models help learners to understand deep representations in downstream tasks by taking an output from the corrupt input. This model is often used to predict the words to be used in a sentence.
372,NLP,Easy,What is the difference between NLP and CI(Conversational Interface)?,The difference between NLP and CI is as follows:
373,NLP,Medium,What are the best NLP Tools?,Some of the best NLP tools from open sources are: SpaCy TextBlob Textacy Natural language Toolkit Retext NLP.js Stanford NLP CogcompNLP
374,NLP,Easy,What is POS tagging?,"Parts of speech tagging better known as POS tagging refers to the process of identifying specific words in a document and group them as part of speech, based on its context. POS tagging is also known as grammatical tagging since it involves understanding grammatical structures and identifying the respective component. POS tagging is a complicated process since the same word can be different parts of speech depending on the context. The same generic process used for word mapping is quite ineffective for POS tagging because of the same reason."
375,NLP,Easy,What is NES?,"Name entity recognition is more commonly known as NER is the process of identifying specific entities in a text document which are more informative and have a unique context. These often denote places, people, organisations, and more. Even though it seems like these entities are proper nouns, the NER process is far from identifying just the nouns. In fact, NER involves entity chunking or extraction wherein entities are segmented to categorise them under different predefined classes. This step further helps in extracting information."
376,PREDICTIVE_MODELLING,Hard,(Given a Dataset) Analyze this dataset and give me a model that can predict this response variable.,"Identify the task, clean/explore the data, split it, train a baseline, validate it, then improve with feature engineering or stronger models."
377,PREDICTIVE_MODELLING,Medium,What could be some issues if the distribution of the test data is significantly different than the distribution of the training data?,This is dataset shift. The model may perform poorly because the test data no longer matches the training pattern.
378,PREDICTIVE_MODELLING,Easy,What are some ways I can make my model more robust to outliers?,"Use robust models or losses, transform/cap extreme values, or remove confirmed anomalies."
379,PREDICTIVE_MODELLING,Medium,What are some differences you would expect in a model that minimises squared error versus a model that minimises absolute error? In which cases would each error metric be appropriate?,Squared error punishes large mistakes more. Absolute error is more resistant to outliers and better for typical-error measurement.
380,PREDICTIVE_MODELLING,Medium,What error metric would you use to evaluate how good a binary classifier is? What if the classes are imbalanced? What if there are more than two groups?,"Use accuracy/AUC for balanced binary data, precision/recall/F1 or PR-AUC for imbalance, and macro/micro F1 for multiclass."
381,PREDICTIVE_MODELLING,Hard,What are various ways to predict a binary response variable? Can you compare two of them and tell me when one would be more appropriate? What is the difference between these?,"Use logistic regression, trees, SVMs, boosting, or neural networks. Logistic regression is interpretable; SVM handles more complex boundaries."
382,PREDICTIVE_MODELLING,Easy,What is regularisation and where might it be helpful? What is an example of using regularisation in a model?,Regularisation penalises complexity to reduce overfitting. Examples include L1/Lasso and L2/Ridge regression.
383,PREDICTIVE_MODELLING,Easy,Why might it be preferable to include fewer predictors over many?,"Fewer useful predictors reduce noise, overfitting, multicollinearity, cost, and make the model easier to explain."
384,PREDICTIVE_MODELLING,Hard,"Given training data on tweets and their retweets, how would you predict the number of retweets of a given tweet after seven days after only observing two days worth of data?","Use the first two days of retweets plus tweet, user, and time features to predict the seven-day total."
385,PREDICTIVE_MODELLING,Medium,How could you collect and analyse data to use social media to predict the weather?,"Collect time/location-stamped posts, extract weather-related text features, match them to weather labels, and train a prediction model."
386,PREDICTIVE_MODELLING,Medium,How would you construct a feed to show relevant content for a site that involves user interactions with items?,"Use a recommender system combining user history, item features, popularity, recency, and collaborative signals."
387,PREDICTIVE_MODELLING,Hard,How would you design the people you may know feature on LinkedIn or Facebook?,"Recommend unconnected users using mutual connections, shared attributes, past interactions, and graph similarity."
388,PREDICTIVE_MODELLING,Medium,How would you predict who someone may want to send a Snapchat or Gmail to?,"Rank contacts using recency, frequency, response history, relationship strength, and current context."
389,PREDICTIVE_MODELLING,Hard,How would you suggest to a franchise where to open a new store?,"Score candidate locations using demographics, traffic, competition, costs, local demand, and expected sales or ROI."
390,PREDICTIVE_MODELLING,Medium,"In a search engine, given partial data on what the user has typed, how would you predict the user's eventual search query?","Use autocomplete ranking from past queries, n-grams, user context, location, and trending searches."
391,PREDICTIVE_MODELLING,Medium,"Given a database of all previous alumni donations to your university, how would you predict which recent alumni are most likely to donate?","Model donation likelihood using alumni profile, engagement, events, past donations, and communication history."
392,PREDICTIVE_MODELLING,Hard,You are Uber and you want to design a heatmap to recommend to drivers where to wait for a passenger. How would you approach this?,"Predict pickup demand by time and location using historical demand, events, weather, and current supply levels."
393,PREDICTIVE_MODELLING,Hard,How would you build a model to predict a March Madness bracket?,"Create team-strength features, predict game win probabilities, then simulate each round of the bracket."
394,PREDICTIVE_MODELLING,Medium,"You want to run a regression to predict the probability of a flight delay, but there are flights with delays of up to 12 hours that are really messing up your model. How can you address this?","Cap or transform extreme delays, use robust loss functions, investigate outliers, or model delay probability as classification."
395,PREDICTIVE_MODELLING,Easy,What would be good metrics of success for an advertising-driven consumer product? A service-driven consumer product?,"Advertising: DAU, impressions, CTR, and revenue per user. Service: conversions, completed transactions, retention, and satisfaction."
396,PREDICTIVE_MODELLING,Easy,What would be good metrics of success for a productivity tool? A MOOC?,"Productivity: active use, retention, and task completion. MOOC: enrolment, progress, completion, and paid conversion."
397,PREDICTIVE_MODELLING,Medium,What would be good metrics of success for an e-commerce product? A subscription product? Premium subscriptions?,"E-commerce: conversion, AOV, revenue, and repeat purchases. Subscription: churn, MRR, CAC, LTV, and retention. Premium: free-to-paid conversion and renewal."
398,PREDICTIVE_MODELLING,Medium,What would be good metrics of success for a consumer product that relies heavily on engagement and interaction? A messaging product?,"Engagement product: DAU/MAU, sessions, interactions, and retention. Messaging: messages, active chats, response rate, and reliability."
399,PREDICTIVE_MODELLING,Easy,What would be good metrics of success for a product that offered in-app purchases?,"Track ARPU, ARPPU, payer conversion, purchase frequency, retention, LTV, and total purchase revenue."
400,PREDICTIVE_MODELLING,Medium,A certain metric is violating your expectations by going down or up more than you expect. How would you try to identify the cause of the change?,"Break down and segment the metric, then check launches, bugs, campaigns, seasonality, and behaviour changes."
401,PREDICTIVE_MODELLING,Medium,Growth for total number of tweets sent has been slow this month. What data would you look at to determine the cause of the problem?,"Check active users, new users, retention, tweets per user, cohorts, product changes, and affected segments."
402,PREDICTIVE_MODELLING,Medium,You are a restaurant and are approached by Groupon to run a deal. What data would you ask from them in order to determine whether or not to do the deal?,"Ask for similar deal results, expected sales, redemption rate, repeat visits, costs, and net profit after discount."
403,PREDICTIVE_MODELLING,Hard,You are tasked with improving the efficiency of a subway system. Where would you start?,"Define efficiency first, then analyse delays, wait times, congestion, capacity, frequency, and route performance."
404,PREDICTIVE_MODELLING,Hard,Say you are working on Facebook News Feed. What would be some metrics that you think are important? How would you make the news each person gets more relevant?,"Track engagement, retention, CTR, hides, and reports. Improve relevance with affinity, recency, content quality, and user preferences."
405,PREDICTIVE_MODELLING,Hard,How would you measure the impact that sponsored stories on Facebook News Feed have on user engagement? How would you determine the optimum balance between sponsored stories and organic content on a user's News Feed?,"Run A/B tests with different ad loads and compare engagement, retention, revenue, complaints, hides, and reports."
406,PREDICTIVE_MODELLING,Hard,You are on the data science team at Uber and you are asked to start thinking about surge pricing. What would be the objectives of such a product and how would you start looking into this?,"Balance rider demand and driver supply while controlling wait times, cancellations, revenue, price elasticity, and satisfaction."
407,PREDICTIVE_MODELLING,Hard,Say that you are Netflix. How would you determine what original series you should invest in and create?,"Use viewing behaviour, genre demand, completion rates, search data, audience segments, cost, and predicted retention impact."
408,PREDICTIVE_MODELLING,Easy,What kind of services would find churn helpful? How would you calculate churn?,Subscription or recurring-use services. Churn = customers lost during a period divided by customers at the start.
409,PREDICTIVE_MODELLING,Medium,Let's say that you are scheduling content for a content provider on television. How would you determine the best times to schedule content?,"Analyse historical viewing by time slot, audience, content type, seasonality, competitors, and expected engagement."
410,SQL,Easy,What is SQL?,"SQL is a language used to query, manipulate and manage relational databases."
411,SQL,Easy,What is a primary key?,A primary key uniquely identifies each row and cannot contain NULL values.
412,SQL,Easy,What is a foreign key?,A foreign key enforces a relationship between tables.
413,SQL,Easy,Difference between WHERE and HAVING?,WHERE filters rows before aggregation; HAVING filters groups after aggregation.
414,SQL,Easy,What is an INNER JOIN?,Returns only matching rows from both tables.
415,SQL,Easy,What is a LEFT JOIN?,Returns all rows from the left table and matching rows from the right table.
416,SQL,Easy,What is GROUP BY?,Groups records so aggregate functions can be applied.
417,SQL,Easy,What is DISTINCT?,Removes duplicate values from a result set.
418,SQL,Easy,What is a NULL value?,Represents missing or unknown information.
419,SQL,Easy,What are aggregate functions?,"Functions such as COUNT, SUM, AVG, MIN and MAX."
420,SQL,Medium,What is a subquery?,A query nested inside another query.
421,SQL,Medium,What is a CTE?,A Common Table Expression creates a temporary named result set.
422,SQL,Medium,What is normalization?,Organizing data to reduce redundancy and improve consistency.
423,SQL,Medium,What is denormalization?,Adding controlled redundancy to improve query performance.
424,SQL,Medium,What is an index?,A structure that speeds up data retrieval operations.
425,SQL,Medium,What is a view?,A virtual table created from a SQL query.
426,SQL,Medium,What is a transaction?,A set of operations treated as a single logical unit.
427,SQL,Medium,Explain ACID properties.,"Atomicity, Consistency, Isolation and Durability."
428,SQL,Medium,What is a self join?,A table joined with itself.
429,SQL,Medium,What is a stored procedure?,Reusable SQL code stored in the database.
430,SQL,Hard,What is a window function?,Performs calculations across related rows without collapsing them.
431,SQL,Hard,Difference between ROW_NUMBER and RANK?,ROW_NUMBER is unique; RANK allows ties.
432,SQL,Hard,What is query optimization?,Improving execution efficiency of SQL queries.
433,SQL,Hard,What is partitioning?,Splitting large tables into smaller logical parts.
434,SQL,Hard,What is a clustered index?,Determines physical storage order of rows.
435,SQL,Hard,What is a non-clustered index?,Stores pointers to actual table rows.
436,SQL,Hard,What is a deadlock?,Two transactions waiting indefinitely on each other.
437,SQL,Hard,What is sharding?,Distributing data across multiple servers.
438,SQL,Hard,How do you improve a slow query?,"Use indexes, optimize joins, and inspect execution plans."
439,SQL,Hard,What are execution plans?,Database-generated plans showing query execution strategy.
440,Python,Medium,What are Python decorators and how do they work?,"Decorators are functions that modify the functionality of another function. They allow programmers to modify the behavior of function or class. Decorators allow us to wrap another function in order to extend the behavior of the wrapped function, without permanently modifying it."
441,Python,Easy,Explain the difference between 'is' and '==' in Python.,"'==' checks for value equality (objects have the same value), while 'is' checks for identity equality (objects are the same object in memory). '==' compares the values, whereas 'is' compares the memory addresses."
442,Python,Easy,What is the difference between list and tuple in Python?,"Lists are mutable (can be modified) and defined with square brackets [], while tuples are immutable (cannot be modified) and defined with parentheses (). Lists are generally used when you need to modify the data, while tuples are used when the data should remain constant."
443,Python,Hard,What are the key concepts in Python Basics?,This question covers fundamental concepts of Python Basics including practical applications and best practices.
444,Python,Easy,How do you handle exceptions in Python?,Python uses try-except blocks to handle exceptions. You can catch specific exceptions or use a general exception handler. The finally block always executes regardless of whether an exception occurred.
445,Python,Medium,How to implement a stack using Python lists.,"A stack can be implemented using Python lists where append() acts as push and pop() acts as pop operations, following LIFO (Last In First Out) principle. Python's list append and pop operations are O(1) average time complexity."
446,Python,Medium,How do you implement a queue in Python?,"A queue can be implemented using collections.deque for optimal performance, or using Python lists. deque provides O(1) time complexity for both enqueue and dequeue operations."
447,Python,Easy,How would you reverse a list in Python?,"You can reverse a list using list.reverse() method, slicing [::-1], or reversed() function. Each method has different use cases and performance characteristics."
448,Python,Hard,Implement a binary search tree in Python.,"A binary search tree is a tree data structure where each node has at most two children, left child contains values less than parent, right child contains values greater than parent. Provides O(log n) average case for search, insert, delete operations."
449,Python,Easy,What is the time complexity of binary search?,Binary search has O(log n) time complexity because it divides the search space in half with each iteration. This makes it much more efficient than linear search for large datasets.
450,Python,Medium,Implement the fizzbuzz algorithm in Python.,"FizzBuzz is a programming problem where numbers from 1 to n are printed, but for multiples of 3 print 'Fizz', for multiples of 5 print 'Buzz', and for multiples of both 3 and 5 print 'FizzBuzz'."
451,Python,Hard,Implement Dijkstra's shortest path algorithm.,Dijkstra's algorithm finds the shortest path from a starting node to all other nodes in a weighted graph. It uses a priority queue and has O((V + E) log V) time complexity.
452,Python,Medium,Whats quicksort algorithm in Python.,Quicksort is a divide-and-conquer algorithm that picks a pivot element and partitions the array around it. It has average case O(n log n) time complexity but O(n²) worst case.
453,Python,Easy,Whats bubble sort in Python.,"Bubble sort repeatedly steps through the list, compares adjacent elements and swaps them if they're in the wrong order. It has O(n²) time complexity and is mainly used for educational purposes."
454,Python,Easy,What is the difference between class and object in Python?,"A class is a blueprint or template for creating objects, while an object is an instance of a class. Classes define attributes and behaviors that objects will have."
455,Python,Hard,Whats the Singleton design pattern in Python.,"The Singleton pattern restricts a class to a single instance and provides global access to that instance. It's commonly used for logging, configuration, and database connections."
456,Python,Medium,Explain inheritance in Python with an example.,Inheritance allows a class to inherit attributes and methods from another class. This promotes code reuse and creates a parent-child relationship between classes.
457,Python,Medium,How do you create a simple REST API using Flask?,Flask provides decorators to define routes and HTTP methods. You can create endpoints that return JSON responses for building REST APIs.
458,Python,Easy,What are the key concepts in Web Development?,This question covers fundamental concepts of Web Development including practical applications and best practices.
459,Python,Hard,Implement JWT authentication in a Flask API.,JWT (JSON Web Tokens) provide stateless authentication. The server generates a token containing user information that clients include in subsequent requests.
460,Python,Medium,How do you create a basic scatter plot using Matplotlib?,"Matplotlib provides scatter() function for creating scatter plots. You can customize colors, sizes, labels, and add titles to make the visualization more informative."
461,Python,Easy,How do you handle missing values in a Pandas DataFrame?,"Pandas provides several methods to handle missing values, including dropping NaN values, filling them with specific values, or using forward/backward fill strategies."
462,Python,Hard,Implement a simple linear regression from scratch using NumPy.,Linear regression finds the best-fit line by minimizing the sum of squared differences between predicted and actual values. Uses the normal equation or gradient descent to find optimal parameters.
463,Python,Medium,How do you use mocking in unit tests with pytest?,Mocking allows you to replace parts of your system under test with mock objects. This is useful for isolating code from external dependencies like databases or APIs.
464,Python,Hard,What are the key concepts in Testing Debugging?,"Testing is the process of checking whether the code works as expected, while debugging is the process of finding and fixing errors in the code."
465,Python,Easy,How do you write a basic unit test in Python?,Python's unittest module provides a framework for writing test cases. You inherit from unittest.TestCase and write methods that start with 'test'.
466,Python,Hard,Implement async/await for concurrent operations in Python.,"Async/await allows you to write asynchronous code that looks synchronous. async def defines coroutines, await pauses execution until the coroutine completes, enabling efficient I/O operations."
467,Python,Medium,Implement a generator function in Python.,"Generators are functions that use 'yield' instead of 'return'. They produce a sequence of values over time, pausing and resuming execution, which is memory-efficient for large datasets."
